{"split": "standard", "idx": 216, "err": "Modelo n\u00e3o retornou 'tags'; ecoou 'tokens'."}
{"split": "standard", "idx": 315, "err": "Modelo n\u00e3o retornou 'tags'; ecoou 'tokens'."}
{"split": "standard", "idx": 378, "err": "Modelo n\u00e3o retornou 'tags'; ecoou 'tokens'."}
{"split": "heur_len", "idx": 333, "err": "Modelo n\u00e3o retornou 'tags'; ecoou 'tokens'."}
{"split": "heur_len", "idx": 0, "err": "name 'ReadTimeout' is not defined"}
{"split": "heur_len", "idx": 1, "err": "name 'ReadTimeout' is not defined"}
{"split": "heur_len", "idx": 2, "err": "name 'ReadTimeout' is not defined"}
{"split": "heur_len", "idx": 3, "err": "name 'ReadTimeout' is not defined"}
{"split": "heur_len", "idx": 4, "err": "name 'ReadTimeout' is not defined"}
{"split": "heur_len", "idx": 5, "err": "name 'ReadTimeout' is not defined"}
{"split": "heur_len", "idx": 6, "err": "name 'ReadTimeout' is not defined"}
{"split": "heur_len", "idx": 7, "err": "name 'ReadTimeout' is not defined"}
{"split": "heur_len", "idx": 8, "err": "name 'ReadTimeout' is not defined"}
{"split": "heur_len", "idx": 9, "err": "name 'ReadTimeout' is not defined"}
{"split": "heur_len", "idx": 10, "err": "name 'ReadTimeout' is not defined"}
{"split": "heur_len", "idx": 11, "err": "name 'ReadTimeout' is not defined"}
{"split": "heur_len", "idx": 12, "err": "name 'ReadTimeout' is not defined"}
{"split": "heur_len", "idx": 13, "err": "name 'ReadTimeout' is not defined"}
{"split": "heur_len", "idx": 14, "err": "name 'ReadTimeout' is not defined"}
{"split": "heur_len", "idx": 15, "err": "name 'ReadTimeout' is not defined"}
{"split": "heur_len", "idx": 16, "err": "name 'ReadTimeout' is not defined"}
{"split": "heur_len", "idx": 17, "err": "name 'ReadTimeout' is not defined"}
{"split": "heur_len", "idx": 18, "err": "name 'ReadTimeout' is not defined"}
{"split": "heur_len", "idx": 19, "err": "name 'ReadTimeout' is not defined"}
{"split": "heur_len", "idx": 20, "err": "name 'ReadTimeout' is not defined"}
{"split": "heur_len", "idx": 21, "err": "name 'ReadTimeout' is not defined"}
{"split": "heur_len", "idx": 22, "err": "name 'ReadTimeout' is not defined"}
{"split": "heur_len", "idx": 23, "err": "name 'ReadTimeout' is not defined"}
{"split": "heur_len", "idx": 24, "err": "name 'ReadTimeout' is not defined"}
{"split": "heur_len", "idx": 25, "err": "name 'ReadTimeout' is not defined"}
{"split": "heur_len", "idx": 26, "err": "name 'ReadTimeout' is not defined"}
{"split": "heur_len", "idx": 27, "err": "name 'ReadTimeout' is not defined"}
{"split": "heur_len", "idx": 28, "err": "name 'ReadTimeout' is not defined"}
{"split": "heur_len", "idx": 29, "err": "name 'ReadTimeout' is not defined"}
{"split": "heur_len", "idx": 30, "err": "name 'ReadTimeout' is not defined"}
{"split": "heur_len", "idx": 31, "err": "name 'ReadTimeout' is not defined"}
{"split": "heur_len", "idx": 32, "err": "name 'ReadTimeout' is not defined"}
{"split": "heur_len", "idx": 33, "err": "name 'ReadTimeout' is not defined"}
{"split": "heur_len", "idx": 34, "err": "name 'ReadTimeout' is not defined"}
{"split": "heur_len", "idx": 35, "err": "name 'ReadTimeout' is not defined"}
{"split": "heur_len", "idx": 36, "err": "name 'ReadTimeout' is not defined"}
{"split": "heur_len", "idx": 37, "err": "name 'ReadTimeout' is not defined"}
{"split": "heur_len", "idx": 38, "err": "name 'ReadTimeout' is not defined"}
{"split": "heur_len", "idx": 39, "err": "name 'ReadTimeout' is not defined"}
{"split": "heur_len", "idx": 0, "err": "name 'ReadTimeout' is not defined"}
{"split": "heur_len", "idx": 1, "err": "name 'ReadTimeout' is not defined"}
{"split": "heur_len", "idx": 2, "err": "name 'ReadTimeout' is not defined"}
{"split": "heur_len", "idx": 3, "err": "name 'ReadTimeout' is not defined"}
{"split": "heur_len", "idx": 4, "err": "name 'ReadTimeout' is not defined"}
{"split": "heur_len", "idx": 5, "err": "name 'ReadTimeout' is not defined"}
{"split": "heur_len", "idx": 6, "err": "name 'ReadTimeout' is not defined"}
{"split": "heur_len", "idx": 7, "err": "name 'ReadTimeout' is not defined"}
{"split": "heur_len", "idx": 8, "err": "name 'ReadTimeout' is not defined"}
{"split": "heur_len", "idx": 9, "err": "name 'ReadTimeout' is not defined"}
{"split": "heur_len", "idx": 10, "err": "name 'ReadTimeout' is not defined"}
{"split": "heur_len", "idx": 11, "err": "name 'ReadTimeout' is not defined"}
{"split": "heur_len", "idx": 12, "err": "name 'ReadTimeout' is not defined"}
{"split": "heur_len", "idx": 13, "err": "name 'ReadTimeout' is not defined"}
{"split": "heur_len", "idx": 14, "err": "name 'ReadTimeout' is not defined"}
{"split": "heur_len", "idx": 15, "err": "name 'ReadTimeout' is not defined"}
{"split": "heur_len", "idx": 16, "err": "name 'ReadTimeout' is not defined"}
{"split": "heur_len", "idx": 17, "err": "name 'ReadTimeout' is not defined"}
{"split": "heur_len", "idx": 18, "err": "name 'ReadTimeout' is not defined"}
{"split": "heur_len", "idx": 19, "err": "name 'ReadTimeout' is not defined"}
{"split": "heur_len", "idx": 20, "err": "name 'ReadTimeout' is not defined"}
{"split": "heur_len", "idx": 21, "err": "name 'ReadTimeout' is not defined"}
{"split": "heur_len", "idx": 22, "err": "name 'ReadTimeout' is not defined"}
{"split": "heur_len", "idx": 23, "err": "name 'ReadTimeout' is not defined"}
{"split": "heur_len", "idx": 24, "err": "name 'ReadTimeout' is not defined"}
{"split": "heur_len", "idx": 25, "err": "name 'ReadTimeout' is not defined"}
{"split": "heur_len", "idx": 26, "err": "name 'ReadTimeout' is not defined"}
{"split": "heur_len", "idx": 27, "err": "name 'ReadTimeout' is not defined"}
{"split": "heur_len", "idx": 28, "err": "name 'ReadTimeout' is not defined"}
{"split": "heur_len", "idx": 29, "err": "name 'ReadTimeout' is not defined"}
{"split": "heur_len", "idx": 30, "err": "name 'ReadTimeout' is not defined"}
{"split": "heur_len", "idx": 31, "err": "name 'ReadTimeout' is not defined"}
{"split": "heur_len", "idx": 32, "err": "name 'ReadTimeout' is not defined"}
{"split": "heur_len", "idx": 33, "err": "name 'ReadTimeout' is not defined"}
{"split": "heur_len", "idx": 34, "err": "name 'ReadTimeout' is not defined"}
{"split": "heur_len", "idx": 35, "err": "name 'ReadTimeout' is not defined"}
{"split": "heur_len", "idx": 36, "err": "name 'ReadTimeout' is not defined"}
{"split": "heur_len", "idx": 37, "err": "name 'ReadTimeout' is not defined"}
{"split": "heur_len", "idx": 38, "err": "name 'ReadTimeout' is not defined"}
{"split": "standard", "idx": 0, "err": "name 'ReadTimeout' is not defined"}
{"split": "standard", "idx": 1, "err": "name 'ReadTimeout' is not defined"}
{"split": "standard", "idx": 2, "err": "name 'ReadTimeout' is not defined"}
{"split": "standard", "idx": 3, "err": "name 'ReadTimeout' is not defined"}
{"split": "standard", "idx": 4, "err": "name 'ReadTimeout' is not defined"}
{"split": "standard", "idx": 5, "err": "name 'ReadTimeout' is not defined"}
{"split": "standard", "idx": 6, "err": "name 'ReadTimeout' is not defined"}
{"split": "standard", "idx": 7, "err": "name 'ReadTimeout' is not defined"}
{"split": "standard", "idx": 8, "err": "name 'ReadTimeout' is not defined"}
{"split": "standard", "idx": 9, "err": "name 'ReadTimeout' is not defined"}
{"split": "standard", "idx": 10, "err": "name 'ReadTimeout' is not defined"}
{"split": "standard", "idx": 11, "err": "name 'ReadTimeout' is not defined"}
{"split": "standard", "idx": 12, "err": "name 'ReadTimeout' is not defined"}
{"split": "standard", "idx": 13, "err": "name 'ReadTimeout' is not defined"}
{"split": "standard", "idx": 14, "err": "name 'ReadTimeout' is not defined"}
{"split": "standard", "idx": 15, "err": "name 'ReadTimeout' is not defined"}
{"split": "standard", "idx": 16, "err": "name 'ReadTimeout' is not defined"}
{"split": "standard", "idx": 17, "err": "name 'ReadTimeout' is not defined"}
{"split": "standard", "idx": 18, "err": "name 'ReadTimeout' is not defined"}
{"split": "standard", "idx": 19, "err": "name 'ReadTimeout' is not defined"}
{"split": "standard", "idx": 20, "err": "name 'ReadTimeout' is not defined"}
{"split": "standard", "idx": 21, "err": "name 'ReadTimeout' is not defined"}
{"split": "standard", "idx": 22, "err": "name 'ReadTimeout' is not defined"}
{"split": "standard", "idx": 23, "err": "name 'ReadTimeout' is not defined"}
{"split": "standard", "idx": 24, "err": "name 'ReadTimeout' is not defined"}
{"split": "standard", "idx": 25, "err": "name 'ReadTimeout' is not defined"}
{"split": "standard", "idx": 26, "err": "name 'ReadTimeout' is not defined"}
{"split": "standard", "idx": 27, "err": "name 'ReadTimeout' is not defined"}
{"split": "standard", "idx": 28, "err": "name 'ReadTimeout' is not defined"}
{"split": "standard", "idx": 29, "err": "name 'ReadTimeout' is not defined"}
{"split": "standard", "idx": 30, "err": "name 'ReadTimeout' is not defined"}
{"split": "standard", "idx": 31, "err": "name 'ReadTimeout' is not defined"}
{"split": "standard", "idx": 32, "err": "name 'ReadTimeout' is not defined"}
{"split": "standard", "idx": 33, "err": "name 'ReadTimeout' is not defined"}
{"split": "standard", "idx": 34, "err": "name 'ReadTimeout' is not defined"}
{"split": "standard", "idx": 35, "err": "name 'ReadTimeout' is not defined"}
{"split": "standard", "idx": 36, "err": "name 'ReadTimeout' is not defined"}
{"split": "standard", "idx": 37, "err": "name 'ReadTimeout' is not defined"}
{"split": "standard", "idx": 38, "err": "name 'ReadTimeout' is not defined"}
{"split": "standard", "idx": 39, "err": "name 'ReadTimeout' is not defined"}
{"split": "standard", "idx": 40, "err": "name 'ReadTimeout' is not defined"}
{"split": "standard", "idx": 41, "err": "name 'ReadTimeout' is not defined"}
{"split": "standard", "idx": 42, "err": "name 'ReadTimeout' is not defined"}
{"split": "standard", "idx": 43, "err": "name 'ReadTimeout' is not defined"}
{"split": "standard", "idx": 44, "err": "name 'ReadTimeout' is not defined"}
{"split": "standard", "idx": 45, "err": "name 'ReadTimeout' is not defined"}
{"split": "standard", "idx": 46, "err": "name 'ReadTimeout' is not defined"}
{"split": "standard", "idx": 47, "err": "name 'ReadTimeout' is not defined"}
{"split": "standard", "idx": 48, "err": "name 'ReadTimeout' is not defined"}
{"split": "standard", "idx": 49, "err": "name 'ReadTimeout' is not defined"}
{"split": "standard", "idx": 50, "err": "name 'ReadTimeout' is not defined"}
{"split": "standard", "idx": 51, "err": "name 'ReadTimeout' is not defined"}
{"split": "standard", "idx": 52, "err": "name 'ReadTimeout' is not defined"}
{"split": "standard", "idx": 53, "err": "name 'ReadTimeout' is not defined"}
{"split": "standard", "idx": 54, "err": "name 'ReadTimeout' is not defined"}
{"split": "standard", "idx": 55, "err": "name 'ReadTimeout' is not defined"}
{"split": "standard", "idx": 56, "err": "name 'ReadTimeout' is not defined"}
{"split": "standard", "idx": 57, "err": "name 'ReadTimeout' is not defined"}
{"split": "standard", "idx": 58, "err": "name 'ReadTimeout' is not defined"}
{"split": "standard", "idx": 59, "err": "name 'ReadTimeout' is not defined"}
{"split": "standard", "idx": 60, "err": "name 'ReadTimeout' is not defined"}
{"split": "standard", "idx": 61, "err": "name 'ReadTimeout' is not defined"}
{"split": "standard", "idx": 62, "err": "name 'ReadTimeout' is not defined"}
{"split": "standard", "idx": 63, "err": "name 'ReadTimeout' is not defined"}
{"split": "standard", "idx": 64, "err": "name 'ReadTimeout' is not defined"}
{"split": "standard", "idx": 65, "err": "name 'ReadTimeout' is not defined"}
{"split": "standard", "idx": 66, "err": "name 'ReadTimeout' is not defined"}
{"split": "standard", "idx": 67, "err": "name 'ReadTimeout' is not defined"}
{"split": "standard", "idx": 68, "err": "name 'ReadTimeout' is not defined"}
{"split": "standard", "idx": 69, "err": "name 'ReadTimeout' is not defined"}
{"split": "standard", "idx": 70, "err": "name 'ReadTimeout' is not defined"}
{"split": "standard", "idx": 71, "err": "name 'ReadTimeout' is not defined"}
{"split": "standard", "idx": 72, "err": "name 'ReadTimeout' is not defined"}
{"split": "standard", "idx": 73, "err": "name 'ReadTimeout' is not defined"}
{"split": "standard", "idx": 74, "err": "name 'ReadTimeout' is not defined"}
{"split": "standard", "idx": 75, "err": "name 'ReadTimeout' is not defined"}
{"split": "standard", "idx": 76, "err": "name 'ReadTimeout' is not defined"}
{"split": "standard", "idx": 77, "err": "name 'ReadTimeout' is not defined"}
{"split": "standard", "idx": 78, "err": "name 'ReadTimeout' is not defined"}
{"split": "standard", "idx": 79, "err": "name 'ReadTimeout' is not defined"}
{"split": "standard", "idx": 80, "err": "name 'ReadTimeout' is not defined"}
{"split": "standard", "idx": 81, "err": "name 'ReadTimeout' is not defined"}
{"split": "standard", "idx": 82, "err": "name 'ReadTimeout' is not defined"}
{"split": "standard", "idx": 83, "err": "name 'ReadTimeout' is not defined"}
{"split": "standard", "idx": 84, "err": "name 'ReadTimeout' is not defined"}
{"split": "standard", "idx": 85, "err": "name 'ReadTimeout' is not defined"}
{"split": "standard", "idx": 86, "err": "name 'ReadTimeout' is not defined"}
{"split": "standard", "idx": 87, "err": "name 'ReadTimeout' is not defined"}
{"split": "standard", "idx": 88, "err": "name 'ReadTimeout' is not defined"}
{"split": "standard", "idx": 89, "err": "name 'ReadTimeout' is not defined"}
{"split": "standard", "idx": 90, "err": "name 'ReadTimeout' is not defined"}
{"split": "standard", "idx": 91, "err": "name 'ReadTimeout' is not defined"}
{"split": "standard", "idx": 92, "err": "name 'ReadTimeout' is not defined"}
{"split": "standard", "idx": 93, "err": "name 'ReadTimeout' is not defined"}
{"split": "standard", "idx": 94, "err": "name 'ReadTimeout' is not defined"}
{"split": "standard", "idx": 95, "err": "name 'ReadTimeout' is not defined"}
{"split": "standard", "idx": 96, "err": "name 'ReadTimeout' is not defined"}
{"split": "standard", "idx": 97, "err": "name 'ReadTimeout' is not defined"}
{"split": "standard", "idx": 98, "err": "name 'ReadTimeout' is not defined"}
{"split": "standard", "idx": 99, "err": "name 'ReadTimeout' is not defined"}
{"split": "standard", "idx": 100, "err": "name 'ReadTimeout' is not defined"}
{"split": "standard", "idx": 101, "err": "name 'ReadTimeout' is not defined"}
{"split": "standard", "idx": 102, "err": "name 'ReadTimeout' is not defined"}
{"split": "standard", "idx": 103, "err": "name 'ReadTimeout' is not defined"}
{"split": "standard", "idx": 104, "err": "name 'ReadTimeout' is not defined"}
{"split": "standard", "idx": 105, "err": "name 'ReadTimeout' is not defined"}
{"split": "standard", "idx": 106, "err": "name 'ReadTimeout' is not defined"}
{"split": "standard", "idx": 107, "err": "name 'ReadTimeout' is not defined"}
{"split": "standard", "idx": 108, "err": "name 'ReadTimeout' is not defined"}
{"split": "standard", "idx": 109, "err": "name 'ReadTimeout' is not defined"}
{"split": "standard", "idx": 110, "err": "name 'ReadTimeout' is not defined"}
{"split": "standard", "idx": 111, "err": "name 'ReadTimeout' is not defined"}
{"split": "standard", "idx": 112, "err": "name 'ReadTimeout' is not defined"}
{"split": "standard", "idx": 113, "err": "name 'ReadTimeout' is not defined"}
{"split": "standard", "idx": 114, "err": "name 'ReadTimeout' is not defined"}
{"split": "standard", "idx": 115, "err": "name 'ReadTimeout' is not defined"}
{"split": "standard", "idx": 116, "err": "name 'ReadTimeout' is not defined"}
{"split": "standard", "idx": 117, "err": "name 'ReadTimeout' is not defined"}
{"split": "standard", "idx": 118, "err": "name 'ReadTimeout' is not defined"}
{"split": "standard", "idx": 119, "err": "name 'ReadTimeout' is not defined"}
{"split": "standard", "idx": 120, "err": "name 'ReadTimeout' is not defined"}
{"split": "standard", "idx": 121, "err": "name 'ReadTimeout' is not defined"}
{"split": "standard", "idx": 122, "err": "name 'ReadTimeout' is not defined"}
{"split": "standard", "idx": 123, "err": "name 'ReadTimeout' is not defined"}
{"split": "standard", "idx": 124, "err": "name 'ReadTimeout' is not defined"}
{"split": "standard", "idx": 125, "err": "name 'ReadTimeout' is not defined"}
{"split": "standard", "idx": 126, "err": "name 'ReadTimeout' is not defined"}
{"split": "standard", "idx": 127, "err": "name 'ReadTimeout' is not defined"}
{"split": "standard", "idx": 128, "err": "name 'ReadTimeout' is not defined"}
{"split": "standard", "idx": 129, "err": "name 'ReadTimeout' is not defined"}
{"split": "standard", "idx": 130, "err": "name 'ReadTimeout' is not defined"}
{"split": "standard", "idx": 131, "err": "name 'ReadTimeout' is not defined"}
{"split": "standard", "idx": 132, "err": "name 'ReadTimeout' is not defined"}
{"split": "standard", "idx": 133, "err": "name 'ReadTimeout' is not defined"}
{"split": "standard", "idx": 134, "err": "name 'ReadTimeout' is not defined"}
{"split": "standard", "idx": 135, "err": "name 'ReadTimeout' is not defined"}
{"split": "standard", "idx": 136, "err": "name 'ReadTimeout' is not defined"}
{"split": "standard", "idx": 137, "err": "name 'ReadTimeout' is not defined"}
{"split": "standard", "idx": 138, "err": "name 'ReadTimeout' is not defined"}
{"split": "standard", "idx": 139, "err": "name 'ReadTimeout' is not defined"}
{"split": "standard", "idx": 140, "err": "name 'ReadTimeout' is not defined"}
{"split": "standard", "idx": 141, "err": "name 'ReadTimeout' is not defined"}
{"split": "standard", "idx": 142, "err": "name 'ReadTimeout' is not defined"}
{"split": "standard", "idx": 143, "err": "name 'ReadTimeout' is not defined"}
{"split": "standard", "idx": 144, "err": "name 'ReadTimeout' is not defined"}
{"split": "standard", "idx": 145, "err": "name 'ReadTimeout' is not defined"}
{"split": "standard", "idx": 146, "err": "name 'ReadTimeout' is not defined"}
{"split": "standard", "idx": 147, "err": "name 'ReadTimeout' is not defined"}
{"split": "standard", "idx": 148, "err": "name 'ReadTimeout' is not defined"}
{"split": "standard", "idx": 149, "err": "name 'ReadTimeout' is not defined"}
{"split": "standard", "idx": 150, "err": "name 'ReadTimeout' is not defined"}
{"split": "standard", "idx": 151, "err": "name 'ReadTimeout' is not defined"}
{"split": "standard", "idx": 152, "err": "name 'ReadTimeout' is not defined"}
{"split": "standard", "idx": 153, "err": "name 'ReadTimeout' is not defined"}
{"split": "standard", "idx": 154, "err": "name 'ReadTimeout' is not defined"}
{"split": "standard", "idx": 155, "err": "name 'ReadTimeout' is not defined"}
{"split": "standard", "idx": 156, "err": "name 'ReadTimeout' is not defined"}
{"split": "standard", "idx": 157, "err": "name 'ReadTimeout' is not defined"}
{"split": "standard", "idx": 158, "err": "name 'ReadTimeout' is not defined"}
{"split": "standard", "idx": 159, "err": "name 'ReadTimeout' is not defined"}
{"split": "standard", "idx": 160, "err": "name 'ReadTimeout' is not defined"}
{"split": "standard", "idx": 161, "err": "name 'ReadTimeout' is not defined"}
{"split": "standard", "idx": 162, "err": "name 'ReadTimeout' is not defined"}
{"split": "standard", "idx": 163, "err": "name 'ReadTimeout' is not defined"}
{"split": "standard", "idx": 164, "err": "name 'ReadTimeout' is not defined"}
{"split": "standard", "idx": 165, "err": "name 'ReadTimeout' is not defined"}
{"split": "standard", "idx": 166, "err": "name 'ReadTimeout' is not defined"}
{"split": "standard", "idx": 167, "err": "name 'ReadTimeout' is not defined"}
{"split": "standard", "idx": 168, "err": "name 'ReadTimeout' is not defined"}
{"split": "standard", "idx": 169, "err": "name 'ReadTimeout' is not defined"}
{"split": "standard", "idx": 170, "err": "name 'ReadTimeout' is not defined"}
{"split": "standard", "idx": 171, "err": "name 'ReadTimeout' is not defined"}
{"split": "standard", "idx": 172, "err": "name 'ReadTimeout' is not defined"}
{"split": "standard", "idx": 173, "err": "name 'ReadTimeout' is not defined"}
{"split": "standard", "idx": 174, "err": "name 'ReadTimeout' is not defined"}
{"split": "standard", "idx": 175, "err": "name 'ReadTimeout' is not defined"}
{"split": "standard", "idx": 176, "err": "name 'ReadTimeout' is not defined"}
{"split": "standard", "idx": 177, "err": "name 'ReadTimeout' is not defined"}
{"split": "standard", "idx": 178, "err": "name 'ReadTimeout' is not defined"}
{"split": "standard", "idx": 179, "err": "name 'ReadTimeout' is not defined"}
{"split": "standard", "idx": 180, "err": "name 'ReadTimeout' is not defined"}
{"split": "standard", "idx": 181, "err": "name 'ReadTimeout' is not defined"}
{"split": "standard", "idx": 182, "err": "name 'ReadTimeout' is not defined"}
{"split": "standard", "idx": 183, "err": "name 'ReadTimeout' is not defined"}
{"split": "standard", "idx": 184, "err": "name 'ReadTimeout' is not defined"}
{"split": "standard", "idx": 185, "err": "name 'ReadTimeout' is not defined"}
{"split": "standard", "idx": 186, "err": "name 'ReadTimeout' is not defined"}
{"split": "standard", "idx": 187, "err": "name 'ReadTimeout' is not defined"}
{"split": "standard", "idx": 188, "err": "name 'ReadTimeout' is not defined"}
{"split": "standard", "idx": 189, "err": "name 'ReadTimeout' is not defined"}
{"split": "standard", "idx": 190, "err": "name 'ReadTimeout' is not defined"}
{"split": "standard", "idx": 191, "err": "name 'ReadTimeout' is not defined"}
{"split": "standard", "idx": 192, "err": "name 'ReadTimeout' is not defined"}
{"split": "standard", "idx": 193, "err": "name 'ReadTimeout' is not defined"}
{"split": "standard", "idx": 194, "err": "name 'ReadTimeout' is not defined"}
{"split": "standard", "idx": 195, "err": "name 'ReadTimeout' is not defined"}
{"split": "standard", "idx": 196, "err": "name 'ReadTimeout' is not defined"}
{"split": "standard", "idx": 197, "err": "name 'ReadTimeout' is not defined"}
{"split": "standard", "idx": 198, "err": "name 'ReadTimeout' is not defined"}
{"split": "standard", "idx": 199, "err": "name 'ReadTimeout' is not defined"}
{"split": "standard", "idx": 200, "err": "name 'ReadTimeout' is not defined"}
{"split": "standard", "idx": 201, "err": "name 'ReadTimeout' is not defined"}
{"split": "standard", "idx": 202, "err": "name 'ReadTimeout' is not defined"}
{"split": "standard", "idx": 203, "err": "name 'ReadTimeout' is not defined"}
{"split": "standard", "idx": 204, "err": "name 'ReadTimeout' is not defined"}
{"split": "standard", "idx": 205, "err": "name 'ReadTimeout' is not defined"}
{"split": "standard", "idx": 206, "err": "name 'ReadTimeout' is not defined"}
{"split": "standard", "idx": 207, "err": "name 'ReadTimeout' is not defined"}
{"split": "standard", "idx": 208, "err": "name 'ReadTimeout' is not defined"}
{"split": "standard", "idx": 209, "err": "name 'ReadTimeout' is not defined"}
{"split": "standard", "idx": 210, "err": "name 'ReadTimeout' is not defined"}
{"split": "standard", "idx": 211, "err": "name 'ReadTimeout' is not defined"}
{"split": "standard", "idx": 212, "err": "name 'ReadTimeout' is not defined"}
{"split": "standard", "idx": 213, "err": "name 'ReadTimeout' is not defined"}
{"split": "standard", "idx": 214, "err": "name 'ReadTimeout' is not defined"}
{"split": "standard", "idx": 215, "err": "name 'ReadTimeout' is not defined"}
{"split": "standard", "idx": 216, "err": "name 'ReadTimeout' is not defined"}
{"split": "standard", "idx": 217, "err": "name 'ReadTimeout' is not defined"}
{"split": "standard", "idx": 218, "err": "name 'ReadTimeout' is not defined"}
{"split": "standard", "idx": 219, "err": "name 'ReadTimeout' is not defined"}
{"split": "standard", "idx": 220, "err": "name 'ReadTimeout' is not defined"}
{"split": "standard", "idx": 221, "err": "name 'ReadTimeout' is not defined"}
{"split": "standard", "idx": 222, "err": "name 'ReadTimeout' is not defined"}
{"split": "standard", "idx": 223, "err": "name 'ReadTimeout' is not defined"}
{"split": "standard", "idx": 224, "err": "name 'ReadTimeout' is not defined"}
{"split": "standard", "idx": 225, "err": "name 'ReadTimeout' is not defined"}
{"split": "standard", "idx": 226, "err": "name 'ReadTimeout' is not defined"}
{"split": "standard", "idx": 227, "err": "name 'ReadTimeout' is not defined"}
{"split": "standard", "idx": 228, "err": "name 'ReadTimeout' is not defined"}
{"split": "standard", "idx": 229, "err": "name 'ReadTimeout' is not defined"}
{"split": "standard", "idx": 230, "err": "name 'ReadTimeout' is not defined"}
{"split": "standard", "idx": 231, "err": "name 'ReadTimeout' is not defined"}
{"split": "standard", "idx": 232, "err": "name 'ReadTimeout' is not defined"}
{"split": "standard", "idx": 233, "err": "name 'ReadTimeout' is not defined"}
{"split": "standard", "idx": 234, "err": "name 'ReadTimeout' is not defined"}
{"split": "standard", "idx": 235, "err": "name 'ReadTimeout' is not defined"}
{"split": "standard", "idx": 236, "err": "name 'ReadTimeout' is not defined"}
{"split": "standard", "idx": 237, "err": "name 'ReadTimeout' is not defined"}
{"split": "standard", "idx": 238, "err": "name 'ReadTimeout' is not defined"}
{"split": "standard", "idx": 239, "err": "name 'ReadTimeout' is not defined"}
{"split": "standard", "idx": 240, "err": "name 'ReadTimeout' is not defined"}
{"split": "standard", "idx": 241, "err": "name 'ReadTimeout' is not defined"}
{"split": "standard", "idx": 242, "err": "name 'ReadTimeout' is not defined"}
{"split": "standard", "idx": 243, "err": "name 'ReadTimeout' is not defined"}
{"split": "standard", "idx": 244, "err": "name 'ReadTimeout' is not defined"}
{"split": "standard", "idx": 245, "err": "name 'ReadTimeout' is not defined"}
{"split": "standard", "idx": 246, "err": "name 'ReadTimeout' is not defined"}
{"split": "standard", "idx": 247, "err": "name 'ReadTimeout' is not defined"}
{"split": "standard", "idx": 248, "err": "name 'ReadTimeout' is not defined"}
{"split": "standard", "idx": 249, "err": "name 'ReadTimeout' is not defined"}
{"split": "standard", "idx": 250, "err": "name 'ReadTimeout' is not defined"}
{"split": "standard", "idx": 251, "err": "name 'ReadTimeout' is not defined"}
{"split": "standard", "idx": 252, "err": "name 'ReadTimeout' is not defined"}
{"split": "standard", "idx": 253, "err": "name 'ReadTimeout' is not defined"}
{"split": "standard", "idx": 254, "err": "name 'ReadTimeout' is not defined"}
{"split": "standard", "idx": 255, "err": "name 'ReadTimeout' is not defined"}
{"split": "standard", "idx": 256, "err": "name 'ReadTimeout' is not defined"}
{"split": "standard", "idx": 257, "err": "name 'ReadTimeout' is not defined"}
{"split": "standard", "idx": 258, "err": "name 'ReadTimeout' is not defined"}
{"split": "standard", "idx": 259, "err": "name 'ReadTimeout' is not defined"}
{"split": "standard", "idx": 260, "err": "name 'ReadTimeout' is not defined"}
{"split": "standard", "idx": 261, "err": "name 'ReadTimeout' is not defined"}
{"split": "standard", "idx": 262, "err": "name 'ReadTimeout' is not defined"}
{"split": "standard", "idx": 263, "err": "name 'ReadTimeout' is not defined"}
{"split": "standard", "idx": 264, "err": "name 'ReadTimeout' is not defined"}
{"split": "standard", "idx": 265, "err": "name 'ReadTimeout' is not defined"}
{"split": "standard", "idx": 266, "err": "name 'ReadTimeout' is not defined"}
{"split": "standard", "idx": 267, "err": "name 'ReadTimeout' is not defined"}
{"split": "standard", "idx": 268, "err": "name 'ReadTimeout' is not defined"}
{"split": "standard", "idx": 269, "err": "name 'ReadTimeout' is not defined"}
{"split": "standard", "idx": 270, "err": "name 'ReadTimeout' is not defined"}
{"split": "standard", "idx": 271, "err": "name 'ReadTimeout' is not defined"}
{"split": "standard", "idx": 272, "err": "name 'ReadTimeout' is not defined"}
{"split": "standard", "idx": 273, "err": "name 'ReadTimeout' is not defined"}
{"split": "standard", "idx": 274, "err": "name 'ReadTimeout' is not defined"}
{"split": "standard", "idx": 275, "err": "name 'ReadTimeout' is not defined"}
{"split": "standard", "idx": 276, "err": "name 'ReadTimeout' is not defined"}
{"split": "standard", "idx": 277, "err": "name 'ReadTimeout' is not defined"}
{"split": "standard", "idx": 278, "err": "name 'ReadTimeout' is not defined"}
{"split": "standard", "idx": 279, "err": "name 'ReadTimeout' is not defined"}
{"split": "standard", "idx": 280, "err": "name 'ReadTimeout' is not defined"}
{"split": "standard", "idx": 281, "err": "name 'ReadTimeout' is not defined"}
{"split": "standard", "idx": 282, "err": "name 'ReadTimeout' is not defined"}
{"split": "standard", "idx": 283, "err": "name 'ReadTimeout' is not defined"}
{"split": "standard", "idx": 284, "err": "name 'ReadTimeout' is not defined"}
{"split": "standard", "idx": 285, "err": "name 'ReadTimeout' is not defined"}
{"split": "standard", "idx": 286, "err": "name 'ReadTimeout' is not defined"}
{"split": "standard", "idx": 287, "err": "name 'ReadTimeout' is not defined"}
{"split": "standard", "idx": 288, "err": "name 'ReadTimeout' is not defined"}
{"split": "standard", "idx": 289, "err": "name 'ReadTimeout' is not defined"}
{"split": "standard", "idx": 290, "err": "name 'ReadTimeout' is not defined"}
{"split": "standard", "idx": 291, "err": "name 'ReadTimeout' is not defined"}
{"split": "standard", "idx": 292, "err": "name 'ReadTimeout' is not defined"}
{"split": "standard", "idx": 293, "err": "name 'ReadTimeout' is not defined"}
{"split": "standard", "idx": 294, "err": "name 'ReadTimeout' is not defined"}
{"split": "standard", "idx": 295, "err": "name 'ReadTimeout' is not defined"}
{"split": "standard", "idx": 296, "err": "name 'ReadTimeout' is not defined"}
{"split": "standard", "idx": 297, "err": "name 'ReadTimeout' is not defined"}
{"split": "standard", "idx": 298, "err": "name 'ReadTimeout' is not defined"}
{"split": "standard", "idx": 299, "err": "name 'ReadTimeout' is not defined"}
{"split": "standard", "idx": 300, "err": "name 'ReadTimeout' is not defined"}
{"split": "standard", "idx": 301, "err": "name 'ReadTimeout' is not defined"}
{"split": "standard", "idx": 302, "err": "name 'ReadTimeout' is not defined"}
{"split": "standard", "idx": 303, "err": "name 'ReadTimeout' is not defined"}
{"split": "standard", "idx": 304, "err": "name 'ReadTimeout' is not defined"}
{"split": "standard", "idx": 305, "err": "name 'ReadTimeout' is not defined"}
{"split": "standard", "idx": 306, "err": "name 'ReadTimeout' is not defined"}
{"split": "standard", "idx": 307, "err": "name 'ReadTimeout' is not defined"}
{"split": "standard", "idx": 308, "err": "name 'ReadTimeout' is not defined"}
{"split": "standard", "idx": 309, "err": "name 'ReadTimeout' is not defined"}
{"split": "standard", "idx": 310, "err": "name 'ReadTimeout' is not defined"}
{"split": "standard", "idx": 311, "err": "name 'ReadTimeout' is not defined"}
{"split": "standard", "idx": 312, "err": "name 'ReadTimeout' is not defined"}
{"split": "standard", "idx": 313, "err": "name 'ReadTimeout' is not defined"}
{"split": "standard", "idx": 314, "err": "name 'ReadTimeout' is not defined"}
{"split": "standard", "idx": 315, "err": "name 'ReadTimeout' is not defined"}
{"split": "standard", "idx": 316, "err": "name 'ReadTimeout' is not defined"}
{"split": "standard", "idx": 317, "err": "name 'ReadTimeout' is not defined"}
{"split": "standard", "idx": 318, "err": "name 'ReadTimeout' is not defined"}
{"split": "standard", "idx": 319, "err": "name 'ReadTimeout' is not defined"}
{"split": "standard", "idx": 320, "err": "name 'ReadTimeout' is not defined"}
{"split": "standard", "idx": 321, "err": "name 'ReadTimeout' is not defined"}
{"split": "standard", "idx": 322, "err": "name 'ReadTimeout' is not defined"}
{"split": "standard", "idx": 323, "err": "name 'ReadTimeout' is not defined"}
{"split": "standard", "idx": 324, "err": "name 'ReadTimeout' is not defined"}
{"split": "standard", "idx": 325, "err": "name 'ReadTimeout' is not defined"}
{"split": "standard", "idx": 326, "err": "name 'ReadTimeout' is not defined"}
{"split": "standard", "idx": 327, "err": "name 'ReadTimeout' is not defined"}
{"split": "standard", "idx": 328, "err": "name 'ReadTimeout' is not defined"}
{"split": "standard", "idx": 329, "err": "name 'ReadTimeout' is not defined"}
{"split": "standard", "idx": 330, "err": "name 'ReadTimeout' is not defined"}
{"split": "standard", "idx": 331, "err": "name 'ReadTimeout' is not defined"}
{"split": "standard", "idx": 332, "err": "name 'ReadTimeout' is not defined"}
{"split": "standard", "idx": 333, "err": "name 'ReadTimeout' is not defined"}
{"split": "standard", "idx": 334, "err": "name 'ReadTimeout' is not defined"}
{"split": "standard", "idx": 335, "err": "name 'ReadTimeout' is not defined"}
{"split": "standard", "idx": 336, "err": "name 'ReadTimeout' is not defined"}
{"split": "standard", "idx": 337, "err": "name 'ReadTimeout' is not defined"}
{"split": "standard", "idx": 338, "err": "name 'ReadTimeout' is not defined"}
{"split": "standard", "idx": 339, "err": "name 'ReadTimeout' is not defined"}
{"split": "standard", "idx": 340, "err": "name 'ReadTimeout' is not defined"}
{"split": "standard", "idx": 341, "err": "name 'ReadTimeout' is not defined"}
{"split": "standard", "idx": 342, "err": "name 'ReadTimeout' is not defined"}
{"split": "standard", "idx": 343, "err": "name 'ReadTimeout' is not defined"}
{"split": "standard", "idx": 344, "err": "name 'ReadTimeout' is not defined"}
{"split": "standard", "idx": 345, "err": "name 'ReadTimeout' is not defined"}
{"split": "standard", "idx": 346, "err": "name 'ReadTimeout' is not defined"}
{"split": "standard", "idx": 347, "err": "name 'ReadTimeout' is not defined"}
{"split": "standard", "idx": 348, "err": "name 'ReadTimeout' is not defined"}
{"split": "standard", "idx": 349, "err": "name 'ReadTimeout' is not defined"}
{"split": "standard", "idx": 350, "err": "name 'ReadTimeout' is not defined"}
{"split": "standard", "idx": 351, "err": "name 'ReadTimeout' is not defined"}
{"split": "standard", "idx": 352, "err": "name 'ReadTimeout' is not defined"}
{"split": "standard", "idx": 353, "err": "name 'ReadTimeout' is not defined"}
{"split": "standard", "idx": 354, "err": "name 'ReadTimeout' is not defined"}
{"split": "standard", "idx": 355, "err": "name 'ReadTimeout' is not defined"}
{"split": "standard", "idx": 356, "err": "name 'ReadTimeout' is not defined"}
{"split": "standard", "idx": 357, "err": "name 'ReadTimeout' is not defined"}
{"split": "standard", "idx": 358, "err": "name 'ReadTimeout' is not defined"}
{"split": "standard", "idx": 359, "err": "name 'ReadTimeout' is not defined"}
{"split": "standard", "idx": 360, "err": "name 'ReadTimeout' is not defined"}
{"split": "standard", "idx": 361, "err": "name 'ReadTimeout' is not defined"}
{"split": "standard", "idx": 362, "err": "name 'ReadTimeout' is not defined"}
{"split": "standard", "idx": 363, "err": "name 'ReadTimeout' is not defined"}
{"split": "standard", "idx": 364, "err": "name 'ReadTimeout' is not defined"}
{"split": "standard", "idx": 365, "err": "name 'ReadTimeout' is not defined"}
{"split": "standard", "idx": 366, "err": "name 'ReadTimeout' is not defined"}
{"split": "standard", "idx": 367, "err": "name 'ReadTimeout' is not defined"}
{"split": "standard", "idx": 368, "err": "name 'ReadTimeout' is not defined"}
{"split": "standard", "idx": 369, "err": "name 'ReadTimeout' is not defined"}
{"split": "standard", "idx": 370, "err": "name 'ReadTimeout' is not defined"}
{"split": "standard", "idx": 371, "err": "name 'ReadTimeout' is not defined"}
{"split": "standard", "idx": 372, "err": "name 'ReadTimeout' is not defined"}
{"split": "standard", "idx": 373, "err": "name 'ReadTimeout' is not defined"}
{"split": "standard", "idx": 374, "err": "name 'ReadTimeout' is not defined"}
{"split": "standard", "idx": 375, "err": "name 'ReadTimeout' is not defined"}
{"split": "standard", "idx": 376, "err": "name 'ReadTimeout' is not defined"}
{"split": "standard", "idx": 377, "err": "name 'ReadTimeout' is not defined"}
{"split": "standard", "idx": 378, "err": "name 'ReadTimeout' is not defined"}
{"split": "standard", "idx": 379, "err": "name 'ReadTimeout' is not defined"}
{"split": "standard", "idx": 380, "err": "name 'ReadTimeout' is not defined"}
{"split": "standard", "idx": 381, "err": "name 'ReadTimeout' is not defined"}
{"split": "standard", "idx": 382, "err": "name 'ReadTimeout' is not defined"}
{"split": "standard", "idx": 383, "err": "name 'ReadTimeout' is not defined"}
{"split": "standard", "idx": 384, "err": "name 'ReadTimeout' is not defined"}
{"split": "standard", "idx": 385, "err": "name 'ReadTimeout' is not defined"}
{"split": "standard", "idx": 386, "err": "name 'ReadTimeout' is not defined"}
{"split": "standard", "idx": 387, "err": "name 'ReadTimeout' is not defined"}
{"split": "standard", "idx": 388, "err": "name 'ReadTimeout' is not defined"}
{"split": "standard", "idx": 389, "err": "name 'ReadTimeout' is not defined"}
{"split": "standard", "idx": 390, "err": "name 'ReadTimeout' is not defined"}
{"split": "standard", "idx": 391, "err": "name 'ReadTimeout' is not defined"}
{"split": "standard", "idx": 392, "err": "name 'ReadTimeout' is not defined"}
{"split": "standard", "idx": 393, "err": "name 'ReadTimeout' is not defined"}
{"split": "standard", "idx": 394, "err": "name 'ReadTimeout' is not defined"}
{"split": "standard", "idx": 395, "err": "name 'ReadTimeout' is not defined"}
{"split": "standard", "idx": 396, "err": "name 'ReadTimeout' is not defined"}
{"split": "standard", "idx": 397, "err": "name 'ReadTimeout' is not defined"}
{"split": "standard", "idx": 398, "err": "name 'ReadTimeout' is not defined"}
{"split": "standard", "idx": 399, "err": "name 'ReadTimeout' is not defined"}
{"split": "standard", "idx": 400, "err": "name 'ReadTimeout' is not defined"}
{"split": "standard", "idx": 401, "err": "name 'ReadTimeout' is not defined"}
{"split": "standard", "idx": 402, "err": "name 'ReadTimeout' is not defined"}
{"split": "standard", "idx": 403, "err": "name 'ReadTimeout' is not defined"}
{"split": "standard", "idx": 404, "err": "name 'ReadTimeout' is not defined"}
{"split": "standard", "idx": 405, "err": "name 'ReadTimeout' is not defined"}
{"split": "standard", "idx": 406, "err": "name 'ReadTimeout' is not defined"}
{"split": "standard", "idx": 407, "err": "name 'ReadTimeout' is not defined"}
{"split": "standard", "idx": 408, "err": "name 'ReadTimeout' is not defined"}
{"split": "standard", "idx": 409, "err": "name 'ReadTimeout' is not defined"}
{"split": "standard", "idx": 410, "err": "name 'ReadTimeout' is not defined"}
{"split": "standard", "idx": 411, "err": "name 'ReadTimeout' is not defined"}
{"split": "standard", "idx": 412, "err": "name 'ReadTimeout' is not defined"}
{"split": "standard", "idx": 413, "err": "name 'ReadTimeout' is not defined"}
{"split": "standard", "idx": 414, "err": "name 'ReadTimeout' is not defined"}
{"split": "standard", "idx": 415, "err": "name 'ReadTimeout' is not defined"}
{"split": "standard", "idx": 416, "err": "name 'ReadTimeout' is not defined"}
{"split": "standard", "idx": 417, "err": "name 'ReadTimeout' is not defined"}
{"split": "standard", "idx": 418, "err": "name 'ReadTimeout' is not defined"}
{"split": "standard", "idx": 419, "err": "name 'ReadTimeout' is not defined"}
{"split": "standard", "idx": 420, "err": "name 'ReadTimeout' is not defined"}
{"split": "standard", "idx": 421, "err": "name 'ReadTimeout' is not defined"}
{"split": "standard", "idx": 422, "err": "name 'ReadTimeout' is not defined"}
{"split": "standard", "idx": 423, "err": "name 'ReadTimeout' is not defined"}
{"split": "standard", "idx": 424, "err": "name 'ReadTimeout' is not defined"}
{"split": "standard", "idx": 425, "err": "name 'ReadTimeout' is not defined"}
{"split": "standard", "idx": 426, "err": "name 'ReadTimeout' is not defined"}
{"split": "standard", "idx": 427, "err": "name 'ReadTimeout' is not defined"}
{"split": "standard", "idx": 428, "err": "name 'ReadTimeout' is not defined"}
{"split": "standard", "idx": 429, "err": "name 'ReadTimeout' is not defined"}
{"split": "standard", "idx": 430, "err": "name 'ReadTimeout' is not defined"}
{"split": "standard", "idx": 431, "err": "name 'ReadTimeout' is not defined"}
{"split": "standard", "idx": 432, "err": "name 'ReadTimeout' is not defined"}
{"split": "standard", "idx": 433, "err": "name 'ReadTimeout' is not defined"}
{"split": "standard", "idx": 434, "err": "name 'ReadTimeout' is not defined"}
{"split": "standard", "idx": 435, "err": "name 'ReadTimeout' is not defined"}
{"split": "standard", "idx": 436, "err": "name 'ReadTimeout' is not defined"}
{"split": "standard", "idx": 437, "err": "name 'ReadTimeout' is not defined"}
{"split": "standard", "idx": 438, "err": "name 'ReadTimeout' is not defined"}
{"split": "standard", "idx": 439, "err": "name 'ReadTimeout' is not defined"}
{"split": "standard", "idx": 440, "err": "name 'ReadTimeout' is not defined"}
{"split": "standard", "idx": 441, "err": "name 'ReadTimeout' is not defined"}
{"split": "standard", "idx": 442, "err": "name 'ReadTimeout' is not defined"}
{"split": "standard", "idx": 443, "err": "name 'ReadTimeout' is not defined"}
{"split": "standard", "idx": 444, "err": "name 'ReadTimeout' is not defined"}
{"split": "standard", "idx": 445, "err": "name 'ReadTimeout' is not defined"}
{"split": "standard", "idx": 446, "err": "name 'ReadTimeout' is not defined"}
{"split": "standard", "idx": 447, "err": "name 'ReadTimeout' is not defined"}
{"split": "standard", "idx": 448, "err": "name 'ReadTimeout' is not defined"}
{"split": "standard", "idx": 449, "err": "name 'ReadTimeout' is not defined"}
{"split": "standard", "idx": 450, "err": "name 'ReadTimeout' is not defined"}
{"split": "standard", "idx": 451, "err": "name 'ReadTimeout' is not defined"}
{"split": "standard", "idx": 452, "err": "name 'ReadTimeout' is not defined"}
{"split": "standard", "idx": 453, "err": "name 'ReadTimeout' is not defined"}
{"split": "standard", "idx": 454, "err": "name 'ReadTimeout' is not defined"}
{"split": "standard", "idx": 455, "err": "name 'ReadTimeout' is not defined"}
{"split": "standard", "idx": 456, "err": "name 'ReadTimeout' is not defined"}
{"split": "standard", "idx": 457, "err": "name 'ReadTimeout' is not defined"}
{"split": "standard", "idx": 458, "err": "name 'ReadTimeout' is not defined"}
{"split": "standard", "idx": 459, "err": "name 'ReadTimeout' is not defined"}
{"split": "standard", "idx": 460, "err": "name 'ReadTimeout' is not defined"}
{"split": "standard", "idx": 461, "err": "name 'ReadTimeout' is not defined"}
{"split": "standard", "idx": 462, "err": "name 'ReadTimeout' is not defined"}
{"split": "standard", "idx": 463, "err": "name 'ReadTimeout' is not defined"}
{"split": "standard", "idx": 464, "err": "name 'ReadTimeout' is not defined"}
{"split": "standard", "idx": 465, "err": "name 'ReadTimeout' is not defined"}
{"split": "standard", "idx": 466, "err": "name 'ReadTimeout' is not defined"}
{"split": "standard", "idx": 467, "err": "name 'ReadTimeout' is not defined"}
{"split": "standard", "idx": 468, "err": "name 'ReadTimeout' is not defined"}
{"split": "standard", "idx": 469, "err": "name 'ReadTimeout' is not defined"}
{"split": "standard", "idx": 470, "err": "name 'ReadTimeout' is not defined"}
{"split": "standard", "idx": 471, "err": "name 'ReadTimeout' is not defined"}
{"split": "standard", "idx": 472, "err": "name 'ReadTimeout' is not defined"}
{"split": "standard", "idx": 473, "err": "name 'ReadTimeout' is not defined"}
{"split": "standard", "idx": 474, "err": "name 'ReadTimeout' is not defined"}
{"split": "standard", "idx": 475, "err": "name 'ReadTimeout' is not defined"}
{"split": "standard", "idx": 476, "err": "name 'ReadTimeout' is not defined"}
{"split": "standard", "idx": 477, "err": "name 'ReadTimeout' is not defined"}
{"split": "standard", "idx": 478, "err": "name 'ReadTimeout' is not defined"}
{"split": "standard", "idx": 479, "err": "name 'ReadTimeout' is not defined"}
{"split": "standard", "idx": 480, "err": "name 'ReadTimeout' is not defined"}
{"split": "standard", "idx": 481, "err": "name 'ReadTimeout' is not defined"}
{"split": "standard", "idx": 482, "err": "name 'ReadTimeout' is not defined"}
{"split": "standard", "idx": 483, "err": "name 'ReadTimeout' is not defined"}
{"split": "standard", "idx": 484, "err": "name 'ReadTimeout' is not defined"}
{"split": "standard", "idx": 485, "err": "name 'ReadTimeout' is not defined"}
{"split": "standard", "idx": 486, "err": "name 'ReadTimeout' is not defined"}
{"split": "standard", "idx": 487, "err": "name 'ReadTimeout' is not defined"}
{"split": "standard", "idx": 488, "err": "name 'ReadTimeout' is not defined"}
{"split": "standard", "idx": 489, "err": "name 'ReadTimeout' is not defined"}
{"split": "standard", "idx": 490, "err": "name 'ReadTimeout' is not defined"}
{"split": "standard", "idx": 491, "err": "name 'ReadTimeout' is not defined"}
{"split": "standard", "idx": 492, "err": "name 'ReadTimeout' is not defined"}
{"split": "standard", "idx": 493, "err": "name 'ReadTimeout' is not defined"}
{"split": "standard", "idx": 494, "err": "name 'ReadTimeout' is not defined"}
{"split": "standard", "idx": 495, "err": "name 'ReadTimeout' is not defined"}
{"split": "standard", "idx": 496, "err": "name 'ReadTimeout' is not defined"}
{"split": "standard", "idx": 497, "err": "name 'ReadTimeout' is not defined"}
{"split": "standard", "idx": 498, "err": "name 'ReadTimeout' is not defined"}
{"split": "standard", "idx": 499, "err": "name 'ReadTimeout' is not defined"}
{"split": "heur_len", "idx": 35, "err": "name 'ReadTimeout' is not defined"}
{"split": "heur_len", "idx": 36, "err": "name 'ReadTimeout' is not defined"}
{"split": "heur_len", "idx": 37, "err": "name 'ReadTimeout' is not defined"}
{"split": "heur_len", "idx": 38, "err": "name 'ReadTimeout' is not defined"}
{"split": "heur_len", "idx": 39, "err": "name 'ReadTimeout' is not defined"}
{"split": "heur_len", "idx": 40, "err": "name 'ReadTimeout' is not defined"}
{"split": "heur_len", "idx": 41, "err": "name 'ReadTimeout' is not defined"}
{"split": "heur_len", "idx": 42, "err": "name 'ReadTimeout' is not defined"}
{"split": "heur_len", "idx": 43, "err": "name 'ReadTimeout' is not defined"}
{"split": "heur_len", "idx": 44, "err": "name 'ReadTimeout' is not defined"}
{"split": "heur_len", "idx": 45, "err": "name 'ReadTimeout' is not defined"}
{"split": "heur_len", "idx": 46, "err": "name 'ReadTimeout' is not defined"}
{"split": "heur_len", "idx": 47, "err": "name 'ReadTimeout' is not defined"}
{"split": "heur_len", "idx": 48, "err": "name 'ReadTimeout' is not defined"}
{"split": "heur_len", "idx": 49, "err": "name 'ReadTimeout' is not defined"}
{"split": "heur_len", "idx": 50, "err": "name 'ReadTimeout' is not defined"}
{"split": "heur_len", "idx": 51, "err": "name 'ReadTimeout' is not defined"}
{"split": "heur_len", "idx": 52, "err": "name 'ReadTimeout' is not defined"}
{"split": "heur_len", "idx": 53, "err": "name 'ReadTimeout' is not defined"}
{"split": "heur_len", "idx": 54, "err": "name 'ReadTimeout' is not defined"}
{"split": "heur_len", "idx": 55, "err": "name 'ReadTimeout' is not defined"}
{"split": "heur_len", "idx": 56, "err": "name 'ReadTimeout' is not defined"}
{"split": "heur_len", "idx": 57, "err": "name 'ReadTimeout' is not defined"}
{"split": "heur_len", "idx": 58, "err": "name 'ReadTimeout' is not defined"}
{"split": "heur_len", "idx": 59, "err": "name 'ReadTimeout' is not defined"}
{"split": "heur_len", "idx": 60, "err": "name 'ReadTimeout' is not defined"}
{"split": "heur_len", "idx": 61, "err": "name 'ReadTimeout' is not defined"}
{"split": "heur_len", "idx": 62, "err": "name 'ReadTimeout' is not defined"}
{"split": "heur_len", "idx": 63, "err": "name 'ReadTimeout' is not defined"}
{"split": "heur_len", "idx": 64, "err": "name 'ReadTimeout' is not defined"}
{"split": "heur_len", "idx": 65, "err": "name 'ReadTimeout' is not defined"}
{"split": "heur_len", "idx": 66, "err": "name 'ReadTimeout' is not defined"}
{"split": "heur_len", "idx": 67, "err": "name 'ReadTimeout' is not defined"}
{"split": "heur_len", "idx": 68, "err": "name 'ReadTimeout' is not defined"}
{"split": "heur_len", "idx": 69, "err": "name 'ReadTimeout' is not defined"}
{"split": "heur_len", "idx": 70, "err": "name 'ReadTimeout' is not defined"}
{"split": "heur_len", "idx": 71, "err": "name 'ReadTimeout' is not defined"}
{"split": "heur_len", "idx": 72, "err": "name 'ReadTimeout' is not defined"}
{"split": "heur_len", "idx": 73, "err": "name 'ReadTimeout' is not defined"}
{"split": "heur_len", "idx": 74, "err": "name 'ReadTimeout' is not defined"}
{"split": "heur_len", "idx": 75, "err": "name 'ReadTimeout' is not defined"}
{"split": "heur_len", "idx": 76, "err": "name 'ReadTimeout' is not defined"}
{"split": "heur_len", "idx": 77, "err": "name 'ReadTimeout' is not defined"}
{"split": "heur_len", "idx": 78, "err": "name 'ReadTimeout' is not defined"}
{"split": "heur_len", "idx": 79, "err": "name 'ReadTimeout' is not defined"}
{"split": "heur_len", "idx": 80, "err": "name 'ReadTimeout' is not defined"}
{"split": "heur_len", "idx": 81, "err": "name 'ReadTimeout' is not defined"}
{"split": "heur_len", "idx": 82, "err": "name 'ReadTimeout' is not defined"}
{"split": "heur_len", "idx": 83, "err": "name 'ReadTimeout' is not defined"}
{"split": "heur_len", "idx": 84, "err": "name 'ReadTimeout' is not defined"}
{"split": "heur_len", "idx": 85, "err": "name 'ReadTimeout' is not defined"}
{"split": "heur_len", "idx": 86, "err": "name 'ReadTimeout' is not defined"}
{"split": "heur_len", "idx": 87, "err": "name 'ReadTimeout' is not defined"}
{"split": "heur_len", "idx": 88, "err": "name 'ReadTimeout' is not defined"}
{"split": "heur_len", "idx": 89, "err": "name 'ReadTimeout' is not defined"}
{"split": "heur_len", "idx": 90, "err": "name 'ReadTimeout' is not defined"}
{"split": "heur_len", "idx": 91, "err": "name 'ReadTimeout' is not defined"}
{"split": "heur_len", "idx": 92, "err": "name 'ReadTimeout' is not defined"}
{"split": "heur_len", "idx": 93, "err": "name 'ReadTimeout' is not defined"}
{"split": "heur_len", "idx": 94, "err": "name 'ReadTimeout' is not defined"}
{"split": "heur_len", "idx": 95, "err": "name 'ReadTimeout' is not defined"}
{"split": "heur_len", "idx": 96, "err": "name 'ReadTimeout' is not defined"}
{"split": "heur_len", "idx": 97, "err": "name 'ReadTimeout' is not defined"}
{"split": "heur_len", "idx": 98, "err": "name 'ReadTimeout' is not defined"}
{"split": "heur_len", "idx": 99, "err": "name 'ReadTimeout' is not defined"}
{"split": "heur_len", "idx": 100, "err": "name 'ReadTimeout' is not defined"}
{"split": "heur_len", "idx": 101, "err": "name 'ReadTimeout' is not defined"}
{"split": "heur_len", "idx": 102, "err": "name 'ReadTimeout' is not defined"}
{"split": "heur_len", "idx": 103, "err": "name 'ReadTimeout' is not defined"}
{"split": "heur_len", "idx": 104, "err": "name 'ReadTimeout' is not defined"}
{"split": "heur_len", "idx": 105, "err": "name 'ReadTimeout' is not defined"}
{"split": "heur_len", "idx": 106, "err": "name 'ReadTimeout' is not defined"}
{"split": "heur_len", "idx": 107, "err": "name 'ReadTimeout' is not defined"}
{"split": "heur_len", "idx": 108, "err": "name 'ReadTimeout' is not defined"}
{"split": "heur_len", "idx": 109, "err": "name 'ReadTimeout' is not defined"}
{"split": "heur_len", "idx": 110, "err": "name 'ReadTimeout' is not defined"}
{"split": "heur_len", "idx": 111, "err": "name 'ReadTimeout' is not defined"}
{"split": "heur_len", "idx": 112, "err": "name 'ReadTimeout' is not defined"}
{"split": "heur_len", "idx": 113, "err": "name 'ReadTimeout' is not defined"}
{"split": "heur_len", "idx": 114, "err": "name 'ReadTimeout' is not defined"}
{"split": "heur_len", "idx": 115, "err": "name 'ReadTimeout' is not defined"}
{"split": "heur_len", "idx": 116, "err": "name 'ReadTimeout' is not defined"}
{"split": "heur_len", "idx": 117, "err": "name 'ReadTimeout' is not defined"}
{"split": "heur_len", "idx": 118, "err": "name 'ReadTimeout' is not defined"}
{"split": "heur_len", "idx": 119, "err": "name 'ReadTimeout' is not defined"}
{"split": "heur_len", "idx": 120, "err": "name 'ReadTimeout' is not defined"}
{"split": "heur_len", "idx": 121, "err": "name 'ReadTimeout' is not defined"}
{"split": "heur_len", "idx": 122, "err": "name 'ReadTimeout' is not defined"}
{"split": "heur_len", "idx": 123, "err": "name 'ReadTimeout' is not defined"}
{"split": "heur_len", "idx": 124, "err": "name 'ReadTimeout' is not defined"}
{"split": "heur_len", "idx": 125, "err": "name 'ReadTimeout' is not defined"}
{"split": "heur_len", "idx": 126, "err": "name 'ReadTimeout' is not defined"}
{"split": "heur_len", "idx": 127, "err": "name 'ReadTimeout' is not defined"}
{"split": "heur_len", "idx": 128, "err": "name 'ReadTimeout' is not defined"}
{"split": "heur_len", "idx": 129, "err": "name 'ReadTimeout' is not defined"}
{"split": "heur_len", "idx": 130, "err": "name 'ReadTimeout' is not defined"}
{"split": "heur_len", "idx": 131, "err": "name 'ReadTimeout' is not defined"}
{"split": "heur_len", "idx": 132, "err": "name 'ReadTimeout' is not defined"}
{"split": "heur_len", "idx": 133, "err": "name 'ReadTimeout' is not defined"}
{"split": "heur_len", "idx": 134, "err": "name 'ReadTimeout' is not defined"}
{"split": "heur_len", "idx": 135, "err": "name 'ReadTimeout' is not defined"}
{"split": "heur_len", "idx": 136, "err": "name 'ReadTimeout' is not defined"}
{"split": "heur_len", "idx": 137, "err": "name 'ReadTimeout' is not defined"}
{"split": "heur_len", "idx": 138, "err": "name 'ReadTimeout' is not defined"}
{"split": "heur_len", "idx": 139, "err": "name 'ReadTimeout' is not defined"}
{"split": "heur_len", "idx": 140, "err": "name 'ReadTimeout' is not defined"}
{"split": "heur_len", "idx": 141, "err": "name 'ReadTimeout' is not defined"}
{"split": "heur_len", "idx": 142, "err": "name 'ReadTimeout' is not defined"}
{"split": "heur_len", "idx": 143, "err": "name 'ReadTimeout' is not defined"}
{"split": "heur_len", "idx": 144, "err": "name 'ReadTimeout' is not defined"}
{"split": "heur_len", "idx": 145, "err": "name 'ReadTimeout' is not defined"}
{"split": "heur_len", "idx": 146, "err": "name 'ReadTimeout' is not defined"}
{"split": "heur_len", "idx": 147, "err": "name 'ReadTimeout' is not defined"}
{"split": "heur_len", "idx": 148, "err": "name 'ReadTimeout' is not defined"}
{"split": "heur_len", "idx": 149, "err": "name 'ReadTimeout' is not defined"}
{"split": "heur_len", "idx": 150, "err": "name 'ReadTimeout' is not defined"}
{"split": "heur_len", "idx": 151, "err": "name 'ReadTimeout' is not defined"}
{"split": "heur_len", "idx": 152, "err": "name 'ReadTimeout' is not defined"}
{"split": "heur_len", "idx": 153, "err": "name 'ReadTimeout' is not defined"}
{"split": "heur_len", "idx": 154, "err": "name 'ReadTimeout' is not defined"}
{"split": "heur_len", "idx": 155, "err": "name 'ReadTimeout' is not defined"}
{"split": "heur_len", "idx": 156, "err": "name 'ReadTimeout' is not defined"}
{"split": "heur_len", "idx": 157, "err": "name 'ReadTimeout' is not defined"}
{"split": "heur_len", "idx": 158, "err": "name 'ReadTimeout' is not defined"}
{"split": "heur_len", "idx": 159, "err": "name 'ReadTimeout' is not defined"}
{"split": "heur_len", "idx": 160, "err": "name 'ReadTimeout' is not defined"}
{"split": "heur_len", "idx": 161, "err": "name 'ReadTimeout' is not defined"}
{"split": "heur_len", "idx": 162, "err": "name 'ReadTimeout' is not defined"}
{"split": "heur_len", "idx": 163, "err": "name 'ReadTimeout' is not defined"}
{"split": "heur_len", "idx": 164, "err": "name 'ReadTimeout' is not defined"}
{"split": "heur_len", "idx": 165, "err": "name 'ReadTimeout' is not defined"}
{"split": "heur_len", "idx": 166, "err": "name 'ReadTimeout' is not defined"}
{"split": "heur_len", "idx": 167, "err": "name 'ReadTimeout' is not defined"}
{"split": "heur_len", "idx": 168, "err": "name 'ReadTimeout' is not defined"}
{"split": "heur_len", "idx": 169, "err": "name 'ReadTimeout' is not defined"}
{"split": "heur_len", "idx": 170, "err": "name 'ReadTimeout' is not defined"}
{"split": "heur_len", "idx": 171, "err": "name 'ReadTimeout' is not defined"}
{"split": "heur_len", "idx": 172, "err": "name 'ReadTimeout' is not defined"}
{"split": "heur_len", "idx": 173, "err": "name 'ReadTimeout' is not defined"}
{"split": "heur_len", "idx": 174, "err": "name 'ReadTimeout' is not defined"}
{"split": "heur_len", "idx": 175, "err": "name 'ReadTimeout' is not defined"}
{"split": "heur_len", "idx": 176, "err": "name 'ReadTimeout' is not defined"}
{"split": "heur_len", "idx": 177, "err": "name 'ReadTimeout' is not defined"}
{"split": "heur_len", "idx": 178, "err": "name 'ReadTimeout' is not defined"}
{"split": "heur_len", "idx": 179, "err": "name 'ReadTimeout' is not defined"}
{"split": "heur_len", "idx": 180, "err": "name 'ReadTimeout' is not defined"}
{"split": "heur_len", "idx": 181, "err": "name 'ReadTimeout' is not defined"}
{"split": "heur_len", "idx": 182, "err": "name 'ReadTimeout' is not defined"}
{"split": "heur_len", "idx": 183, "err": "name 'ReadTimeout' is not defined"}
{"split": "heur_len", "idx": 184, "err": "name 'ReadTimeout' is not defined"}
{"split": "heur_len", "idx": 185, "err": "name 'ReadTimeout' is not defined"}
{"split": "heur_len", "idx": 186, "err": "name 'ReadTimeout' is not defined"}
{"split": "heur_len", "idx": 187, "err": "name 'ReadTimeout' is not defined"}
{"split": "heur_len", "idx": 188, "err": "name 'ReadTimeout' is not defined"}
{"split": "heur_len", "idx": 189, "err": "name 'ReadTimeout' is not defined"}
{"split": "heur_len", "idx": 190, "err": "name 'ReadTimeout' is not defined"}
{"split": "heur_len", "idx": 191, "err": "name 'ReadTimeout' is not defined"}
{"split": "heur_len", "idx": 192, "err": "name 'ReadTimeout' is not defined"}
{"split": "heur_len", "idx": 193, "err": "name 'ReadTimeout' is not defined"}
{"split": "heur_len", "idx": 194, "err": "name 'ReadTimeout' is not defined"}
{"split": "heur_len", "idx": 195, "err": "name 'ReadTimeout' is not defined"}
{"split": "heur_len", "idx": 196, "err": "name 'ReadTimeout' is not defined"}
{"split": "heur_len", "idx": 197, "err": "name 'ReadTimeout' is not defined"}
{"split": "heur_len", "idx": 198, "err": "name 'ReadTimeout' is not defined"}
{"split": "heur_len", "idx": 199, "err": "name 'ReadTimeout' is not defined"}
{"split": "heur_len", "idx": 200, "err": "name 'ReadTimeout' is not defined"}
{"split": "heur_len", "idx": 201, "err": "name 'ReadTimeout' is not defined"}
{"split": "heur_len", "idx": 202, "err": "name 'ReadTimeout' is not defined"}
{"split": "heur_len", "idx": 203, "err": "name 'ReadTimeout' is not defined"}
{"split": "heur_len", "idx": 204, "err": "name 'ReadTimeout' is not defined"}
{"split": "heur_len", "idx": 205, "err": "name 'ReadTimeout' is not defined"}
{"split": "heur_len", "idx": 206, "err": "name 'ReadTimeout' is not defined"}
{"split": "heur_len", "idx": 207, "err": "name 'ReadTimeout' is not defined"}
{"split": "heur_len", "idx": 208, "err": "name 'ReadTimeout' is not defined"}
{"split": "heur_len", "idx": 209, "err": "name 'ReadTimeout' is not defined"}
{"split": "heur_len", "idx": 210, "err": "name 'ReadTimeout' is not defined"}
{"split": "heur_len", "idx": 211, "err": "name 'ReadTimeout' is not defined"}
{"split": "heur_len", "idx": 212, "err": "name 'ReadTimeout' is not defined"}
{"split": "heur_len", "idx": 213, "err": "name 'ReadTimeout' is not defined"}
{"split": "heur_len", "idx": 214, "err": "name 'ReadTimeout' is not defined"}
{"split": "heur_len", "idx": 215, "err": "name 'ReadTimeout' is not defined"}
{"split": "heur_len", "idx": 216, "err": "name 'ReadTimeout' is not defined"}
{"split": "heur_len", "idx": 217, "err": "name 'ReadTimeout' is not defined"}
{"split": "heur_len", "idx": 218, "err": "name 'ReadTimeout' is not defined"}
{"split": "heur_len", "idx": 219, "err": "name 'ReadTimeout' is not defined"}
{"split": "heur_len", "idx": 220, "err": "name 'ReadTimeout' is not defined"}
{"split": "heur_len", "idx": 221, "err": "name 'ReadTimeout' is not defined"}
{"split": "heur_len", "idx": 222, "err": "name 'ReadTimeout' is not defined"}
{"split": "heur_len", "idx": 223, "err": "name 'ReadTimeout' is not defined"}
{"split": "heur_len", "idx": 224, "err": "name 'ReadTimeout' is not defined"}
{"split": "heur_len", "idx": 225, "err": "name 'ReadTimeout' is not defined"}
{"split": "heur_len", "idx": 226, "err": "name 'ReadTimeout' is not defined"}
{"split": "heur_len", "idx": 227, "err": "name 'ReadTimeout' is not defined"}
{"split": "heur_len", "idx": 228, "err": "name 'ReadTimeout' is not defined"}
{"split": "heur_len", "idx": 229, "err": "name 'ReadTimeout' is not defined"}
{"split": "heur_len", "idx": 230, "err": "name 'ReadTimeout' is not defined"}
{"split": "heur_len", "idx": 231, "err": "name 'ReadTimeout' is not defined"}
{"split": "heur_len", "idx": 232, "err": "name 'ReadTimeout' is not defined"}
{"split": "heur_len", "idx": 233, "err": "name 'ReadTimeout' is not defined"}
{"split": "heur_len", "idx": 234, "err": "name 'ReadTimeout' is not defined"}
{"split": "heur_len", "idx": 235, "err": "name 'ReadTimeout' is not defined"}
{"split": "heur_len", "idx": 236, "err": "name 'ReadTimeout' is not defined"}
{"split": "heur_len", "idx": 237, "err": "name 'ReadTimeout' is not defined"}
{"split": "heur_len", "idx": 238, "err": "name 'ReadTimeout' is not defined"}
{"split": "heur_len", "idx": 239, "err": "name 'ReadTimeout' is not defined"}
{"split": "heur_len", "idx": 240, "err": "name 'ReadTimeout' is not defined"}
{"split": "heur_len", "idx": 241, "err": "name 'ReadTimeout' is not defined"}
{"split": "heur_len", "idx": 242, "err": "name 'ReadTimeout' is not defined"}
{"split": "heur_len", "idx": 243, "err": "name 'ReadTimeout' is not defined"}
{"split": "heur_len", "idx": 244, "err": "name 'ReadTimeout' is not defined"}
{"split": "heur_len", "idx": 245, "err": "name 'ReadTimeout' is not defined"}
{"split": "heur_len", "idx": 246, "err": "name 'ReadTimeout' is not defined"}
{"split": "heur_len", "idx": 247, "err": "name 'ReadTimeout' is not defined"}
{"split": "heur_len", "idx": 248, "err": "name 'ReadTimeout' is not defined"}
{"split": "heur_len", "idx": 249, "err": "name 'ReadTimeout' is not defined"}
{"split": "heur_len", "idx": 250, "err": "name 'ReadTimeout' is not defined"}
{"split": "heur_len", "idx": 251, "err": "name 'ReadTimeout' is not defined"}
{"split": "heur_len", "idx": 252, "err": "name 'ReadTimeout' is not defined"}
{"split": "heur_len", "idx": 253, "err": "name 'ReadTimeout' is not defined"}
{"split": "heur_len", "idx": 254, "err": "name 'ReadTimeout' is not defined"}
{"split": "heur_len", "idx": 255, "err": "name 'ReadTimeout' is not defined"}
{"split": "heur_len", "idx": 256, "err": "name 'ReadTimeout' is not defined"}
{"split": "heur_len", "idx": 257, "err": "name 'ReadTimeout' is not defined"}
{"split": "heur_len", "idx": 258, "err": "name 'ReadTimeout' is not defined"}
{"split": "heur_len", "idx": 259, "err": "name 'ReadTimeout' is not defined"}
{"split": "heur_len", "idx": 260, "err": "name 'ReadTimeout' is not defined"}
{"split": "heur_len", "idx": 261, "err": "name 'ReadTimeout' is not defined"}
{"split": "heur_len", "idx": 262, "err": "name 'ReadTimeout' is not defined"}
{"split": "heur_len", "idx": 263, "err": "name 'ReadTimeout' is not defined"}
{"split": "heur_len", "idx": 264, "err": "name 'ReadTimeout' is not defined"}
{"split": "heur_len", "idx": 265, "err": "name 'ReadTimeout' is not defined"}
{"split": "heur_len", "idx": 266, "err": "name 'ReadTimeout' is not defined"}
{"split": "heur_len", "idx": 267, "err": "name 'ReadTimeout' is not defined"}
{"split": "heur_len", "idx": 268, "err": "name 'ReadTimeout' is not defined"}
{"split": "heur_len", "idx": 269, "err": "name 'ReadTimeout' is not defined"}
{"split": "heur_len", "idx": 270, "err": "name 'ReadTimeout' is not defined"}
{"split": "heur_len", "idx": 271, "err": "name 'ReadTimeout' is not defined"}
{"split": "heur_len", "idx": 272, "err": "name 'ReadTimeout' is not defined"}
{"split": "heur_len", "idx": 273, "err": "name 'ReadTimeout' is not defined"}
{"split": "heur_len", "idx": 274, "err": "name 'ReadTimeout' is not defined"}
{"split": "heur_len", "idx": 275, "err": "name 'ReadTimeout' is not defined"}
{"split": "heur_len", "idx": 276, "err": "name 'ReadTimeout' is not defined"}
{"split": "heur_len", "idx": 277, "err": "name 'ReadTimeout' is not defined"}
{"split": "heur_len", "idx": 278, "err": "name 'ReadTimeout' is not defined"}
{"split": "heur_len", "idx": 279, "err": "name 'ReadTimeout' is not defined"}
{"split": "heur_len", "idx": 280, "err": "name 'ReadTimeout' is not defined"}
{"split": "heur_len", "idx": 281, "err": "name 'ReadTimeout' is not defined"}
{"split": "heur_len", "idx": 282, "err": "name 'ReadTimeout' is not defined"}
{"split": "heur_len", "idx": 283, "err": "name 'ReadTimeout' is not defined"}
{"split": "heur_len", "idx": 284, "err": "name 'ReadTimeout' is not defined"}
{"split": "heur_len", "idx": 285, "err": "name 'ReadTimeout' is not defined"}
{"split": "heur_len", "idx": 286, "err": "name 'ReadTimeout' is not defined"}
{"split": "heur_len", "idx": 287, "err": "name 'ReadTimeout' is not defined"}
{"split": "heur_len", "idx": 288, "err": "name 'ReadTimeout' is not defined"}
{"split": "heur_len", "idx": 289, "err": "name 'ReadTimeout' is not defined"}
{"split": "heur_len", "idx": 290, "err": "name 'ReadTimeout' is not defined"}
{"split": "heur_len", "idx": 291, "err": "name 'ReadTimeout' is not defined"}
{"split": "heur_len", "idx": 292, "err": "name 'ReadTimeout' is not defined"}
{"split": "heur_len", "idx": 293, "err": "name 'ReadTimeout' is not defined"}
{"split": "heur_len", "idx": 294, "err": "name 'ReadTimeout' is not defined"}
{"split": "heur_len", "idx": 295, "err": "name 'ReadTimeout' is not defined"}
{"split": "heur_len", "idx": 296, "err": "name 'ReadTimeout' is not defined"}
{"split": "heur_len", "idx": 297, "err": "name 'ReadTimeout' is not defined"}
{"split": "heur_len", "idx": 298, "err": "name 'ReadTimeout' is not defined"}
{"split": "heur_len", "idx": 299, "err": "name 'ReadTimeout' is not defined"}
{"split": "heur_len", "idx": 300, "err": "name 'ReadTimeout' is not defined"}
{"split": "heur_len", "idx": 301, "err": "name 'ReadTimeout' is not defined"}
{"split": "heur_len", "idx": 302, "err": "name 'ReadTimeout' is not defined"}
{"split": "heur_len", "idx": 303, "err": "name 'ReadTimeout' is not defined"}
{"split": "heur_len", "idx": 304, "err": "name 'ReadTimeout' is not defined"}
{"split": "heur_len", "idx": 305, "err": "name 'ReadTimeout' is not defined"}
{"split": "heur_len", "idx": 306, "err": "name 'ReadTimeout' is not defined"}
{"split": "heur_len", "idx": 307, "err": "name 'ReadTimeout' is not defined"}
{"split": "heur_len", "idx": 308, "err": "name 'ReadTimeout' is not defined"}
{"split": "heur_len", "idx": 309, "err": "name 'ReadTimeout' is not defined"}
{"split": "heur_len", "idx": 310, "err": "name 'ReadTimeout' is not defined"}
{"split": "heur_len", "idx": 311, "err": "name 'ReadTimeout' is not defined"}
{"split": "heur_len", "idx": 312, "err": "name 'ReadTimeout' is not defined"}
{"split": "heur_len", "idx": 313, "err": "name 'ReadTimeout' is not defined"}
{"split": "heur_len", "idx": 314, "err": "name 'ReadTimeout' is not defined"}
{"split": "heur_len", "idx": 315, "err": "name 'ReadTimeout' is not defined"}
{"split": "heur_len", "idx": 316, "err": "name 'ReadTimeout' is not defined"}
{"split": "heur_len", "idx": 317, "err": "name 'ReadTimeout' is not defined"}
{"split": "heur_len", "idx": 318, "err": "name 'ReadTimeout' is not defined"}
{"split": "heur_len", "idx": 319, "err": "name 'ReadTimeout' is not defined"}
{"split": "heur_len", "idx": 320, "err": "name 'ReadTimeout' is not defined"}
{"split": "heur_len", "idx": 321, "err": "name 'ReadTimeout' is not defined"}
{"split": "heur_len", "idx": 322, "err": "name 'ReadTimeout' is not defined"}
{"split": "heur_len", "idx": 323, "err": "name 'ReadTimeout' is not defined"}
{"split": "heur_len", "idx": 324, "err": "name 'ReadTimeout' is not defined"}
{"split": "heur_len", "idx": 325, "err": "name 'ReadTimeout' is not defined"}
{"split": "heur_len", "idx": 326, "err": "name 'ReadTimeout' is not defined"}
{"split": "heur_len", "idx": 327, "err": "name 'ReadTimeout' is not defined"}
{"split": "heur_len", "idx": 328, "err": "name 'ReadTimeout' is not defined"}
{"split": "heur_len", "idx": 329, "err": "name 'ReadTimeout' is not defined"}
{"split": "heur_len", "idx": 330, "err": "name 'ReadTimeout' is not defined"}
{"split": "heur_len", "idx": 331, "err": "name 'ReadTimeout' is not defined"}
{"split": "heur_len", "idx": 332, "err": "name 'ReadTimeout' is not defined"}
{"split": "heur_len", "idx": 333, "err": "name 'ReadTimeout' is not defined"}
{"split": "heur_len", "idx": 334, "err": "name 'ReadTimeout' is not defined"}
{"split": "heur_len", "idx": 335, "err": "name 'ReadTimeout' is not defined"}
{"split": "heur_len", "idx": 336, "err": "name 'ReadTimeout' is not defined"}
{"split": "heur_len", "idx": 337, "err": "name 'ReadTimeout' is not defined"}
{"split": "heur_len", "idx": 338, "err": "name 'ReadTimeout' is not defined"}
{"split": "heur_len", "idx": 339, "err": "name 'ReadTimeout' is not defined"}
{"split": "heur_len", "idx": 340, "err": "name 'ReadTimeout' is not defined"}
{"split": "heur_len", "idx": 341, "err": "name 'ReadTimeout' is not defined"}
{"split": "heur_len", "idx": 342, "err": "name 'ReadTimeout' is not defined"}
{"split": "heur_len", "idx": 343, "err": "name 'ReadTimeout' is not defined"}
{"split": "heur_len", "idx": 344, "err": "name 'ReadTimeout' is not defined"}
{"split": "heur_len", "idx": 345, "err": "name 'ReadTimeout' is not defined"}
{"split": "heur_len", "idx": 346, "err": "name 'ReadTimeout' is not defined"}
{"split": "heur_len", "idx": 347, "err": "name 'ReadTimeout' is not defined"}
{"split": "heur_len", "idx": 348, "err": "name 'ReadTimeout' is not defined"}
{"split": "heur_len", "idx": 349, "err": "name 'ReadTimeout' is not defined"}
{"split": "heur_len", "idx": 350, "err": "name 'ReadTimeout' is not defined"}
{"split": "heur_len", "idx": 351, "err": "name 'ReadTimeout' is not defined"}
{"split": "heur_len", "idx": 352, "err": "name 'ReadTimeout' is not defined"}
{"split": "heur_len", "idx": 353, "err": "name 'ReadTimeout' is not defined"}
{"split": "heur_len", "idx": 354, "err": "name 'ReadTimeout' is not defined"}
{"split": "heur_len", "idx": 355, "err": "name 'ReadTimeout' is not defined"}
{"split": "heur_len", "idx": 356, "err": "name 'ReadTimeout' is not defined"}
{"split": "heur_len", "idx": 357, "err": "name 'ReadTimeout' is not defined"}
{"split": "heur_len", "idx": 358, "err": "name 'ReadTimeout' is not defined"}
{"split": "heur_len", "idx": 359, "err": "name 'ReadTimeout' is not defined"}
{"split": "heur_len", "idx": 360, "err": "name 'ReadTimeout' is not defined"}
{"split": "heur_len", "idx": 361, "err": "name 'ReadTimeout' is not defined"}
{"split": "heur_len", "idx": 362, "err": "name 'ReadTimeout' is not defined"}
{"split": "heur_len", "idx": 363, "err": "name 'ReadTimeout' is not defined"}
{"split": "heur_len", "idx": 364, "err": "name 'ReadTimeout' is not defined"}
{"split": "heur_len", "idx": 365, "err": "name 'ReadTimeout' is not defined"}
{"split": "heur_len", "idx": 366, "err": "name 'ReadTimeout' is not defined"}
{"split": "heur_len", "idx": 367, "err": "name 'ReadTimeout' is not defined"}
{"split": "heur_len", "idx": 368, "err": "name 'ReadTimeout' is not defined"}
{"split": "heur_len", "idx": 369, "err": "name 'ReadTimeout' is not defined"}
{"split": "heur_len", "idx": 370, "err": "name 'ReadTimeout' is not defined"}
{"split": "heur_len", "idx": 371, "err": "name 'ReadTimeout' is not defined"}
{"split": "heur_len", "idx": 372, "err": "name 'ReadTimeout' is not defined"}
{"split": "heur_len", "idx": 373, "err": "name 'ReadTimeout' is not defined"}
{"split": "heur_len", "idx": 374, "err": "name 'ReadTimeout' is not defined"}
{"split": "heur_len", "idx": 375, "err": "name 'ReadTimeout' is not defined"}
{"split": "heur_len", "idx": 376, "err": "name 'ReadTimeout' is not defined"}
{"split": "heur_len", "idx": 377, "err": "name 'ReadTimeout' is not defined"}
{"split": "heur_len", "idx": 378, "err": "name 'ReadTimeout' is not defined"}
{"split": "heur_len", "idx": 379, "err": "name 'ReadTimeout' is not defined"}
{"split": "heur_len", "idx": 380, "err": "name 'ReadTimeout' is not defined"}
{"split": "heur_len", "idx": 381, "err": "name 'ReadTimeout' is not defined"}
{"split": "heur_len", "idx": 382, "err": "name 'ReadTimeout' is not defined"}
{"split": "heur_len", "idx": 383, "err": "name 'ReadTimeout' is not defined"}
{"split": "heur_len", "idx": 384, "err": "name 'ReadTimeout' is not defined"}
{"split": "heur_len", "idx": 385, "err": "name 'ReadTimeout' is not defined"}
{"split": "heur_len", "idx": 386, "err": "name 'ReadTimeout' is not defined"}
{"split": "heur_len", "idx": 387, "err": "name 'ReadTimeout' is not defined"}
{"split": "heur_len", "idx": 388, "err": "name 'ReadTimeout' is not defined"}
{"split": "heur_len", "idx": 389, "err": "name 'ReadTimeout' is not defined"}
{"split": "heur_len", "idx": 390, "err": "name 'ReadTimeout' is not defined"}
{"split": "heur_len", "idx": 391, "err": "name 'ReadTimeout' is not defined"}
{"split": "heur_len", "idx": 392, "err": "name 'ReadTimeout' is not defined"}
{"split": "heur_len", "idx": 393, "err": "name 'ReadTimeout' is not defined"}
{"split": "heur_len", "idx": 394, "err": "name 'ReadTimeout' is not defined"}
{"split": "heur_len", "idx": 395, "err": "name 'ReadTimeout' is not defined"}
{"split": "heur_len", "idx": 396, "err": "name 'ReadTimeout' is not defined"}
{"split": "heur_len", "idx": 397, "err": "name 'ReadTimeout' is not defined"}
{"split": "heur_len", "idx": 398, "err": "name 'ReadTimeout' is not defined"}
{"split": "heur_len", "idx": 399, "err": "name 'ReadTimeout' is not defined"}
{"split": "heur_len", "idx": 400, "err": "name 'ReadTimeout' is not defined"}
{"split": "heur_len", "idx": 401, "err": "name 'ReadTimeout' is not defined"}
{"split": "heur_len", "idx": 402, "err": "name 'ReadTimeout' is not defined"}
{"split": "heur_len", "idx": 403, "err": "name 'ReadTimeout' is not defined"}
{"split": "heur_len", "idx": 404, "err": "name 'ReadTimeout' is not defined"}
{"split": "heur_len", "idx": 405, "err": "name 'ReadTimeout' is not defined"}
{"split": "heur_len", "idx": 406, "err": "name 'ReadTimeout' is not defined"}
{"split": "heur_len", "idx": 407, "err": "name 'ReadTimeout' is not defined"}
{"split": "heur_len", "idx": 408, "err": "name 'ReadTimeout' is not defined"}
{"split": "heur_len", "idx": 409, "err": "name 'ReadTimeout' is not defined"}
{"split": "heur_len", "idx": 410, "err": "name 'ReadTimeout' is not defined"}
{"split": "heur_len", "idx": 411, "err": "name 'ReadTimeout' is not defined"}
{"split": "heur_len", "idx": 412, "err": "name 'ReadTimeout' is not defined"}
{"split": "heur_len", "idx": 413, "err": "name 'ReadTimeout' is not defined"}
{"split": "heur_len", "idx": 414, "err": "name 'ReadTimeout' is not defined"}
{"split": "heur_len", "idx": 415, "err": "name 'ReadTimeout' is not defined"}
{"split": "heur_len", "idx": 416, "err": "name 'ReadTimeout' is not defined"}
{"split": "heur_len", "idx": 417, "err": "name 'ReadTimeout' is not defined"}
{"split": "heur_len", "idx": 418, "err": "name 'ReadTimeout' is not defined"}
{"split": "heur_len", "idx": 419, "err": "name 'ReadTimeout' is not defined"}
{"split": "heur_len", "idx": 420, "err": "name 'ReadTimeout' is not defined"}
{"split": "heur_len", "idx": 421, "err": "name 'ReadTimeout' is not defined"}
{"split": "heur_len", "idx": 422, "err": "name 'ReadTimeout' is not defined"}
{"split": "heur_len", "idx": 423, "err": "name 'ReadTimeout' is not defined"}
{"split": "heur_len", "idx": 424, "err": "name 'ReadTimeout' is not defined"}
{"split": "heur_len", "idx": 425, "err": "name 'ReadTimeout' is not defined"}
{"split": "heur_len", "idx": 426, "err": "name 'ReadTimeout' is not defined"}
{"split": "heur_len", "idx": 427, "err": "name 'ReadTimeout' is not defined"}
{"split": "heur_len", "idx": 428, "err": "name 'ReadTimeout' is not defined"}
{"split": "heur_len", "idx": 429, "err": "name 'ReadTimeout' is not defined"}
{"split": "heur_len", "idx": 430, "err": "name 'ReadTimeout' is not defined"}
{"split": "heur_len", "idx": 431, "err": "name 'ReadTimeout' is not defined"}
{"split": "heur_len", "idx": 432, "err": "name 'ReadTimeout' is not defined"}
{"split": "heur_len", "idx": 433, "err": "name 'ReadTimeout' is not defined"}
{"split": "heur_len", "idx": 434, "err": "name 'ReadTimeout' is not defined"}
{"split": "heur_len", "idx": 435, "err": "name 'ReadTimeout' is not defined"}
{"split": "heur_len", "idx": 436, "err": "name 'ReadTimeout' is not defined"}
{"split": "heur_len", "idx": 437, "err": "name 'ReadTimeout' is not defined"}
{"split": "heur_len", "idx": 438, "err": "name 'ReadTimeout' is not defined"}
{"split": "heur_len", "idx": 439, "err": "name 'ReadTimeout' is not defined"}
{"split": "heur_len", "idx": 440, "err": "name 'ReadTimeout' is not defined"}
{"split": "heur_len", "idx": 441, "err": "name 'ReadTimeout' is not defined"}
{"split": "heur_len", "idx": 442, "err": "name 'ReadTimeout' is not defined"}
{"split": "heur_len", "idx": 443, "err": "name 'ReadTimeout' is not defined"}
{"split": "heur_len", "idx": 444, "err": "name 'ReadTimeout' is not defined"}
{"split": "heur_len", "idx": 445, "err": "name 'ReadTimeout' is not defined"}
{"split": "heur_len", "idx": 446, "err": "name 'ReadTimeout' is not defined"}
{"split": "heur_len", "idx": 447, "err": "name 'ReadTimeout' is not defined"}
{"split": "heur_len", "idx": 448, "err": "name 'ReadTimeout' is not defined"}
{"split": "heur_len", "idx": 449, "err": "name 'ReadTimeout' is not defined"}
{"split": "heur_len", "idx": 450, "err": "name 'ReadTimeout' is not defined"}
{"split": "heur_len", "idx": 451, "err": "name 'ReadTimeout' is not defined"}
{"split": "heur_len", "idx": 452, "err": "name 'ReadTimeout' is not defined"}
{"split": "heur_len", "idx": 453, "err": "name 'ReadTimeout' is not defined"}
{"split": "heur_len", "idx": 454, "err": "name 'ReadTimeout' is not defined"}
{"split": "heur_len", "idx": 455, "err": "name 'ReadTimeout' is not defined"}
{"split": "heur_len", "idx": 456, "err": "name 'ReadTimeout' is not defined"}
{"split": "heur_len", "idx": 457, "err": "name 'ReadTimeout' is not defined"}
{"split": "heur_len", "idx": 458, "err": "name 'ReadTimeout' is not defined"}
{"split": "heur_len", "idx": 459, "err": "name 'ReadTimeout' is not defined"}
{"split": "heur_len", "idx": 460, "err": "name 'ReadTimeout' is not defined"}
{"split": "heur_len", "idx": 461, "err": "name 'ReadTimeout' is not defined"}
{"split": "heur_len", "idx": 462, "err": "name 'ReadTimeout' is not defined"}
{"split": "heur_len", "idx": 463, "err": "name 'ReadTimeout' is not defined"}
{"split": "heur_len", "idx": 464, "err": "name 'ReadTimeout' is not defined"}
{"split": "heur_len", "idx": 465, "err": "name 'ReadTimeout' is not defined"}
{"split": "heur_len", "idx": 466, "err": "name 'ReadTimeout' is not defined"}
{"split": "heur_len", "idx": 467, "err": "name 'ReadTimeout' is not defined"}
{"split": "heur_len", "idx": 468, "err": "name 'ReadTimeout' is not defined"}
{"split": "heur_len", "idx": 469, "err": "name 'ReadTimeout' is not defined"}
{"split": "heur_len", "idx": 470, "err": "name 'ReadTimeout' is not defined"}
{"split": "heur_len", "idx": 471, "err": "name 'ReadTimeout' is not defined"}
{"split": "heur_len", "idx": 472, "err": "name 'ReadTimeout' is not defined"}
{"split": "heur_len", "idx": 473, "err": "name 'ReadTimeout' is not defined"}
{"split": "heur_len", "idx": 474, "err": "name 'ReadTimeout' is not defined"}
{"split": "heur_len", "idx": 475, "err": "name 'ReadTimeout' is not defined"}
{"split": "heur_len", "idx": 476, "err": "name 'ReadTimeout' is not defined"}
{"split": "heur_len", "idx": 477, "err": "name 'ReadTimeout' is not defined"}
{"split": "heur_len", "idx": 478, "err": "name 'ReadTimeout' is not defined"}
{"split": "heur_len", "idx": 479, "err": "name 'ReadTimeout' is not defined"}
{"split": "heur_len", "idx": 480, "err": "name 'ReadTimeout' is not defined"}
{"split": "heur_len", "idx": 481, "err": "name 'ReadTimeout' is not defined"}
{"split": "heur_len", "idx": 482, "err": "name 'ReadTimeout' is not defined"}
{"split": "heur_len", "idx": 483, "err": "name 'ReadTimeout' is not defined"}
{"split": "heur_len", "idx": 484, "err": "name 'ReadTimeout' is not defined"}
{"split": "heur_len", "idx": 485, "err": "name 'ReadTimeout' is not defined"}
{"split": "heur_len", "idx": 486, "err": "name 'ReadTimeout' is not defined"}
{"split": "heur_len", "idx": 487, "err": "name 'ReadTimeout' is not defined"}
{"split": "heur_len", "idx": 488, "err": "name 'ReadTimeout' is not defined"}
{"split": "heur_len", "idx": 489, "err": "name 'ReadTimeout' is not defined"}
{"split": "heur_len", "idx": 490, "err": "name 'ReadTimeout' is not defined"}
{"split": "heur_len", "idx": 491, "err": "name 'ReadTimeout' is not defined"}
{"split": "heur_len", "idx": 492, "err": "name 'ReadTimeout' is not defined"}
{"split": "heur_len", "idx": 493, "err": "name 'ReadTimeout' is not defined"}
{"split": "heur_len", "idx": 494, "err": "name 'ReadTimeout' is not defined"}
{"split": "heur_len", "idx": 495, "err": "name 'ReadTimeout' is not defined"}
{"split": "heur_len", "idx": 496, "err": "name 'ReadTimeout' is not defined"}
{"split": "heur_len", "idx": 497, "err": "name 'ReadTimeout' is not defined"}
{"split": "heur_len", "idx": 498, "err": "name 'ReadTimeout' is not defined"}
{"split": "heur_len", "idx": 499, "err": "name 'ReadTimeout' is not defined"}
{"split": "heur_rare", "idx": 0, "err": "name 'ReadTimeout' is not defined"}
{"split": "heur_rare", "idx": 1, "err": "name 'ReadTimeout' is not defined"}
{"split": "heur_rare", "idx": 2, "err": "name 'ReadTimeout' is not defined"}
{"split": "heur_rare", "idx": 3, "err": "name 'ReadTimeout' is not defined"}
{"split": "heur_rare", "idx": 4, "err": "name 'ReadTimeout' is not defined"}
{"split": "heur_rare", "idx": 5, "err": "name 'ReadTimeout' is not defined"}
{"split": "heur_rare", "idx": 6, "err": "name 'ReadTimeout' is not defined"}
{"split": "heur_rare", "idx": 7, "err": "name 'ReadTimeout' is not defined"}
{"split": "heur_rare", "idx": 8, "err": "name 'ReadTimeout' is not defined"}
{"split": "heur_rare", "idx": 9, "err": "name 'ReadTimeout' is not defined"}
{"split": "heur_rare", "idx": 10, "err": "name 'ReadTimeout' is not defined"}
{"split": "heur_rare", "idx": 11, "err": "name 'ReadTimeout' is not defined"}
{"split": "heur_rare", "idx": 12, "err": "name 'ReadTimeout' is not defined"}
{"split": "heur_rare", "idx": 13, "err": "name 'ReadTimeout' is not defined"}
{"split": "heur_rare", "idx": 14, "err": "name 'ReadTimeout' is not defined"}
{"split": "heur_rare", "idx": 15, "err": "name 'ReadTimeout' is not defined"}
{"split": "heur_rare", "idx": 16, "err": "name 'ReadTimeout' is not defined"}
{"split": "heur_rare", "idx": 17, "err": "name 'ReadTimeout' is not defined"}
{"split": "heur_rare", "idx": 18, "err": "name 'ReadTimeout' is not defined"}
{"split": "heur_rare", "idx": 19, "err": "name 'ReadTimeout' is not defined"}
{"split": "heur_rare", "idx": 20, "err": "name 'ReadTimeout' is not defined"}
{"split": "heur_rare", "idx": 21, "err": "name 'ReadTimeout' is not defined"}
{"split": "heur_rare", "idx": 22, "err": "name 'ReadTimeout' is not defined"}
{"split": "heur_rare", "idx": 23, "err": "name 'ReadTimeout' is not defined"}
{"split": "heur_rare", "idx": 24, "err": "name 'ReadTimeout' is not defined"}
{"split": "heur_rare", "idx": 25, "err": "name 'ReadTimeout' is not defined"}
{"split": "heur_rare", "idx": 26, "err": "name 'ReadTimeout' is not defined"}
{"split": "heur_rare", "idx": 27, "err": "name 'ReadTimeout' is not defined"}
{"split": "heur_rare", "idx": 28, "err": "name 'ReadTimeout' is not defined"}
{"split": "heur_rare", "idx": 29, "err": "name 'ReadTimeout' is not defined"}
{"split": "heur_rare", "idx": 30, "err": "name 'ReadTimeout' is not defined"}
{"split": "heur_rare", "idx": 31, "err": "name 'ReadTimeout' is not defined"}
{"split": "heur_rare", "idx": 32, "err": "name 'ReadTimeout' is not defined"}
{"split": "heur_rare", "idx": 33, "err": "name 'ReadTimeout' is not defined"}
{"split": "heur_rare", "idx": 34, "err": "name 'ReadTimeout' is not defined"}
{"split": "heur_rare", "idx": 35, "err": "name 'ReadTimeout' is not defined"}
{"split": "heur_rare", "idx": 36, "err": "name 'ReadTimeout' is not defined"}
{"split": "heur_rare", "idx": 37, "err": "name 'ReadTimeout' is not defined"}
{"split": "heur_rare", "idx": 38, "err": "name 'ReadTimeout' is not defined"}
{"split": "heur_rare", "idx": 39, "err": "name 'ReadTimeout' is not defined"}
{"split": "heur_rare", "idx": 40, "err": "name 'ReadTimeout' is not defined"}
{"split": "heur_rare", "idx": 41, "err": "name 'ReadTimeout' is not defined"}
{"split": "heur_rare", "idx": 42, "err": "name 'ReadTimeout' is not defined"}
{"split": "heur_rare", "idx": 43, "err": "name 'ReadTimeout' is not defined"}
{"split": "heur_rare", "idx": 44, "err": "name 'ReadTimeout' is not defined"}
{"split": "heur_rare", "idx": 45, "err": "name 'ReadTimeout' is not defined"}
{"split": "heur_rare", "idx": 46, "err": "name 'ReadTimeout' is not defined"}
{"split": "heur_rare", "idx": 47, "err": "name 'ReadTimeout' is not defined"}
{"split": "heur_rare", "idx": 48, "err": "name 'ReadTimeout' is not defined"}
{"split": "heur_rare", "idx": 49, "err": "name 'ReadTimeout' is not defined"}
{"split": "heur_rare", "idx": 50, "err": "name 'ReadTimeout' is not defined"}
{"split": "heur_rare", "idx": 51, "err": "name 'ReadTimeout' is not defined"}
{"split": "heur_rare", "idx": 52, "err": "name 'ReadTimeout' is not defined"}
{"split": "heur_rare", "idx": 53, "err": "name 'ReadTimeout' is not defined"}
{"split": "heur_rare", "idx": 54, "err": "name 'ReadTimeout' is not defined"}
{"split": "heur_rare", "idx": 55, "err": "name 'ReadTimeout' is not defined"}
{"split": "heur_rare", "idx": 56, "err": "name 'ReadTimeout' is not defined"}
{"split": "heur_rare", "idx": 57, "err": "name 'ReadTimeout' is not defined"}
{"split": "heur_rare", "idx": 58, "err": "name 'ReadTimeout' is not defined"}
{"split": "heur_rare", "idx": 59, "err": "name 'ReadTimeout' is not defined"}
{"split": "heur_rare", "idx": 60, "err": "name 'ReadTimeout' is not defined"}
{"split": "heur_rare", "idx": 61, "err": "name 'ReadTimeout' is not defined"}
{"split": "heur_rare", "idx": 62, "err": "name 'ReadTimeout' is not defined"}
{"split": "heur_rare", "idx": 63, "err": "name 'ReadTimeout' is not defined"}
{"split": "heur_rare", "idx": 64, "err": "name 'ReadTimeout' is not defined"}
{"split": "heur_rare", "idx": 65, "err": "name 'ReadTimeout' is not defined"}
{"split": "heur_rare", "idx": 66, "err": "name 'ReadTimeout' is not defined"}
{"split": "heur_rare", "idx": 67, "err": "name 'ReadTimeout' is not defined"}
{"split": "heur_rare", "idx": 68, "err": "name 'ReadTimeout' is not defined"}
{"split": "heur_rare", "idx": 69, "err": "name 'ReadTimeout' is not defined"}
{"split": "heur_rare", "idx": 70, "err": "name 'ReadTimeout' is not defined"}
{"split": "heur_rare", "idx": 71, "err": "name 'ReadTimeout' is not defined"}
{"split": "heur_rare", "idx": 72, "err": "name 'ReadTimeout' is not defined"}
{"split": "heur_rare", "idx": 73, "err": "name 'ReadTimeout' is not defined"}
{"split": "heur_rare", "idx": 74, "err": "name 'ReadTimeout' is not defined"}
{"split": "heur_rare", "idx": 75, "err": "name 'ReadTimeout' is not defined"}
{"split": "heur_rare", "idx": 76, "err": "name 'ReadTimeout' is not defined"}
{"split": "heur_rare", "idx": 77, "err": "name 'ReadTimeout' is not defined"}
{"split": "heur_rare", "idx": 78, "err": "name 'ReadTimeout' is not defined"}
{"split": "heur_rare", "idx": 79, "err": "name 'ReadTimeout' is not defined"}
{"split": "heur_rare", "idx": 80, "err": "name 'ReadTimeout' is not defined"}
{"split": "heur_rare", "idx": 81, "err": "name 'ReadTimeout' is not defined"}
{"split": "heur_rare", "idx": 82, "err": "name 'ReadTimeout' is not defined"}
{"split": "heur_rare", "idx": 83, "err": "name 'ReadTimeout' is not defined"}
{"split": "heur_rare", "idx": 84, "err": "name 'ReadTimeout' is not defined"}
{"split": "heur_rare", "idx": 85, "err": "name 'ReadTimeout' is not defined"}
{"split": "heur_rare", "idx": 86, "err": "name 'ReadTimeout' is not defined"}
{"split": "heur_rare", "idx": 87, "err": "name 'ReadTimeout' is not defined"}
{"split": "heur_rare", "idx": 88, "err": "name 'ReadTimeout' is not defined"}
{"split": "heur_rare", "idx": 89, "err": "name 'ReadTimeout' is not defined"}
{"split": "heur_rare", "idx": 90, "err": "name 'ReadTimeout' is not defined"}
{"split": "heur_rare", "idx": 91, "err": "name 'ReadTimeout' is not defined"}
{"split": "heur_rare", "idx": 92, "err": "name 'ReadTimeout' is not defined"}
{"split": "heur_rare", "idx": 93, "err": "name 'ReadTimeout' is not defined"}
{"split": "heur_rare", "idx": 94, "err": "name 'ReadTimeout' is not defined"}
{"split": "heur_rare", "idx": 95, "err": "name 'ReadTimeout' is not defined"}
{"split": "heur_rare", "idx": 96, "err": "name 'ReadTimeout' is not defined"}
{"split": "heur_rare", "idx": 97, "err": "name 'ReadTimeout' is not defined"}
{"split": "heur_rare", "idx": 98, "err": "name 'ReadTimeout' is not defined"}
{"split": "heur_rare", "idx": 99, "err": "name 'ReadTimeout' is not defined"}
{"split": "heur_rare", "idx": 100, "err": "name 'ReadTimeout' is not defined"}
{"split": "heur_rare", "idx": 101, "err": "name 'ReadTimeout' is not defined"}
{"split": "heur_rare", "idx": 102, "err": "name 'ReadTimeout' is not defined"}
{"split": "heur_rare", "idx": 103, "err": "name 'ReadTimeout' is not defined"}
{"split": "heur_rare", "idx": 104, "err": "name 'ReadTimeout' is not defined"}
{"split": "heur_rare", "idx": 105, "err": "name 'ReadTimeout' is not defined"}
{"split": "heur_rare", "idx": 106, "err": "name 'ReadTimeout' is not defined"}
{"split": "heur_rare", "idx": 107, "err": "name 'ReadTimeout' is not defined"}
{"split": "heur_rare", "idx": 108, "err": "name 'ReadTimeout' is not defined"}
{"split": "heur_rare", "idx": 109, "err": "name 'ReadTimeout' is not defined"}
{"split": "heur_rare", "idx": 110, "err": "name 'ReadTimeout' is not defined"}
{"split": "heur_rare", "idx": 111, "err": "name 'ReadTimeout' is not defined"}
{"split": "heur_rare", "idx": 112, "err": "name 'ReadTimeout' is not defined"}
{"split": "heur_rare", "idx": 113, "err": "name 'ReadTimeout' is not defined"}
{"split": "heur_rare", "idx": 114, "err": "name 'ReadTimeout' is not defined"}
{"split": "heur_rare", "idx": 115, "err": "name 'ReadTimeout' is not defined"}
{"split": "heur_rare", "idx": 116, "err": "name 'ReadTimeout' is not defined"}
{"split": "heur_rare", "idx": 117, "err": "name 'ReadTimeout' is not defined"}
{"split": "heur_rare", "idx": 118, "err": "name 'ReadTimeout' is not defined"}
{"split": "heur_rare", "idx": 119, "err": "name 'ReadTimeout' is not defined"}
{"split": "heur_rare", "idx": 120, "err": "name 'ReadTimeout' is not defined"}
{"split": "heur_rare", "idx": 121, "err": "name 'ReadTimeout' is not defined"}
{"split": "heur_rare", "idx": 122, "err": "name 'ReadTimeout' is not defined"}
{"split": "heur_rare", "idx": 123, "err": "name 'ReadTimeout' is not defined"}
{"split": "heur_rare", "idx": 124, "err": "name 'ReadTimeout' is not defined"}
{"split": "heur_rare", "idx": 125, "err": "name 'ReadTimeout' is not defined"}
{"split": "heur_rare", "idx": 126, "err": "name 'ReadTimeout' is not defined"}
{"split": "heur_rare", "idx": 127, "err": "name 'ReadTimeout' is not defined"}
{"split": "heur_rare", "idx": 128, "err": "name 'ReadTimeout' is not defined"}
{"split": "heur_rare", "idx": 129, "err": "name 'ReadTimeout' is not defined"}
{"split": "heur_rare", "idx": 130, "err": "name 'ReadTimeout' is not defined"}
{"split": "heur_rare", "idx": 131, "err": "name 'ReadTimeout' is not defined"}
{"split": "heur_rare", "idx": 132, "err": "name 'ReadTimeout' is not defined"}
{"split": "heur_rare", "idx": 133, "err": "name 'ReadTimeout' is not defined"}
{"split": "heur_rare", "idx": 134, "err": "name 'ReadTimeout' is not defined"}
{"split": "heur_rare", "idx": 135, "err": "name 'ReadTimeout' is not defined"}
{"split": "heur_rare", "idx": 136, "err": "name 'ReadTimeout' is not defined"}
{"split": "heur_rare", "idx": 137, "err": "name 'ReadTimeout' is not defined"}
{"split": "heur_rare", "idx": 138, "err": "name 'ReadTimeout' is not defined"}
{"split": "heur_rare", "idx": 139, "err": "name 'ReadTimeout' is not defined"}
{"split": "heur_rare", "idx": 140, "err": "name 'ReadTimeout' is not defined"}
{"split": "heur_rare", "idx": 141, "err": "name 'ReadTimeout' is not defined"}
{"split": "heur_rare", "idx": 142, "err": "name 'ReadTimeout' is not defined"}
{"split": "heur_rare", "idx": 143, "err": "name 'ReadTimeout' is not defined"}
{"split": "heur_rare", "idx": 144, "err": "name 'ReadTimeout' is not defined"}
{"split": "heur_rare", "idx": 145, "err": "name 'ReadTimeout' is not defined"}
{"split": "heur_rare", "idx": 146, "err": "name 'ReadTimeout' is not defined"}
{"split": "heur_rare", "idx": 147, "err": "name 'ReadTimeout' is not defined"}
{"split": "heur_rare", "idx": 148, "err": "name 'ReadTimeout' is not defined"}
{"split": "heur_rare", "idx": 149, "err": "name 'ReadTimeout' is not defined"}
{"split": "heur_rare", "idx": 150, "err": "name 'ReadTimeout' is not defined"}
{"split": "heur_rare", "idx": 151, "err": "name 'ReadTimeout' is not defined"}
{"split": "heur_rare", "idx": 152, "err": "name 'ReadTimeout' is not defined"}
{"split": "heur_rare", "idx": 153, "err": "name 'ReadTimeout' is not defined"}
{"split": "heur_rare", "idx": 154, "err": "name 'ReadTimeout' is not defined"}
{"split": "heur_rare", "idx": 155, "err": "name 'ReadTimeout' is not defined"}
{"split": "heur_rare", "idx": 156, "err": "name 'ReadTimeout' is not defined"}
{"split": "heur_rare", "idx": 157, "err": "name 'ReadTimeout' is not defined"}
{"split": "heur_rare", "idx": 158, "err": "name 'ReadTimeout' is not defined"}
{"split": "heur_rare", "idx": 159, "err": "name 'ReadTimeout' is not defined"}
{"split": "heur_rare", "idx": 160, "err": "name 'ReadTimeout' is not defined"}
{"split": "heur_rare", "idx": 161, "err": "name 'ReadTimeout' is not defined"}
{"split": "heur_rare", "idx": 162, "err": "name 'ReadTimeout' is not defined"}
{"split": "heur_rare", "idx": 163, "err": "name 'ReadTimeout' is not defined"}
{"split": "heur_rare", "idx": 164, "err": "name 'ReadTimeout' is not defined"}
{"split": "heur_rare", "idx": 165, "err": "name 'ReadTimeout' is not defined"}
{"split": "heur_rare", "idx": 166, "err": "name 'ReadTimeout' is not defined"}
{"split": "heur_rare", "idx": 167, "err": "name 'ReadTimeout' is not defined"}
{"split": "heur_rare", "idx": 168, "err": "name 'ReadTimeout' is not defined"}
{"split": "heur_rare", "idx": 169, "err": "name 'ReadTimeout' is not defined"}
{"split": "heur_rare", "idx": 170, "err": "name 'ReadTimeout' is not defined"}
{"split": "heur_rare", "idx": 171, "err": "name 'ReadTimeout' is not defined"}
{"split": "heur_rare", "idx": 172, "err": "name 'ReadTimeout' is not defined"}
{"split": "heur_rare", "idx": 173, "err": "name 'ReadTimeout' is not defined"}
{"split": "heur_rare", "idx": 174, "err": "name 'ReadTimeout' is not defined"}
{"split": "heur_rare", "idx": 175, "err": "name 'ReadTimeout' is not defined"}
{"split": "heur_rare", "idx": 176, "err": "name 'ReadTimeout' is not defined"}
{"split": "heur_rare", "idx": 177, "err": "name 'ReadTimeout' is not defined"}
{"split": "heur_rare", "idx": 178, "err": "name 'ReadTimeout' is not defined"}
{"split": "heur_rare", "idx": 179, "err": "name 'ReadTimeout' is not defined"}
{"split": "heur_rare", "idx": 180, "err": "name 'ReadTimeout' is not defined"}
{"split": "heur_rare", "idx": 181, "err": "name 'ReadTimeout' is not defined"}
{"split": "heur_rare", "idx": 182, "err": "name 'ReadTimeout' is not defined"}
{"split": "heur_rare", "idx": 183, "err": "name 'ReadTimeout' is not defined"}
{"split": "heur_rare", "idx": 184, "err": "name 'ReadTimeout' is not defined"}
{"split": "heur_rare", "idx": 185, "err": "name 'ReadTimeout' is not defined"}
{"split": "heur_rare", "idx": 186, "err": "name 'ReadTimeout' is not defined"}
{"split": "heur_rare", "idx": 187, "err": "name 'ReadTimeout' is not defined"}
{"split": "heur_rare", "idx": 188, "err": "name 'ReadTimeout' is not defined"}
{"split": "heur_rare", "idx": 189, "err": "name 'ReadTimeout' is not defined"}
{"split": "heur_rare", "idx": 190, "err": "name 'ReadTimeout' is not defined"}
{"split": "heur_rare", "idx": 191, "err": "name 'ReadTimeout' is not defined"}
{"split": "heur_rare", "idx": 192, "err": "name 'ReadTimeout' is not defined"}
{"split": "heur_rare", "idx": 193, "err": "name 'ReadTimeout' is not defined"}
{"split": "heur_rare", "idx": 194, "err": "name 'ReadTimeout' is not defined"}
{"split": "heur_rare", "idx": 195, "err": "name 'ReadTimeout' is not defined"}
{"split": "heur_rare", "idx": 196, "err": "name 'ReadTimeout' is not defined"}
{"split": "heur_rare", "idx": 197, "err": "name 'ReadTimeout' is not defined"}
{"split": "heur_rare", "idx": 198, "err": "name 'ReadTimeout' is not defined"}
{"split": "heur_rare", "idx": 199, "err": "name 'ReadTimeout' is not defined"}
{"split": "heur_rare", "idx": 200, "err": "name 'ReadTimeout' is not defined"}
{"split": "heur_rare", "idx": 201, "err": "name 'ReadTimeout' is not defined"}
{"split": "heur_rare", "idx": 202, "err": "name 'ReadTimeout' is not defined"}
{"split": "heur_rare", "idx": 203, "err": "name 'ReadTimeout' is not defined"}
{"split": "heur_rare", "idx": 204, "err": "name 'ReadTimeout' is not defined"}
{"split": "heur_rare", "idx": 205, "err": "name 'ReadTimeout' is not defined"}
{"split": "heur_rare", "idx": 206, "err": "name 'ReadTimeout' is not defined"}
{"split": "heur_rare", "idx": 207, "err": "name 'ReadTimeout' is not defined"}
{"split": "heur_rare", "idx": 208, "err": "name 'ReadTimeout' is not defined"}
{"split": "heur_rare", "idx": 209, "err": "name 'ReadTimeout' is not defined"}
{"split": "heur_rare", "idx": 210, "err": "name 'ReadTimeout' is not defined"}
{"split": "heur_rare", "idx": 211, "err": "name 'ReadTimeout' is not defined"}
{"split": "heur_rare", "idx": 212, "err": "name 'ReadTimeout' is not defined"}
{"split": "heur_rare", "idx": 213, "err": "name 'ReadTimeout' is not defined"}
{"split": "heur_rare", "idx": 214, "err": "name 'ReadTimeout' is not defined"}
{"split": "heur_rare", "idx": 215, "err": "name 'ReadTimeout' is not defined"}
{"split": "heur_rare", "idx": 216, "err": "name 'ReadTimeout' is not defined"}
{"split": "heur_rare", "idx": 217, "err": "name 'ReadTimeout' is not defined"}
{"split": "heur_rare", "idx": 218, "err": "name 'ReadTimeout' is not defined"}
{"split": "heur_rare", "idx": 219, "err": "name 'ReadTimeout' is not defined"}
{"split": "heur_rare", "idx": 220, "err": "name 'ReadTimeout' is not defined"}
{"split": "heur_rare", "idx": 221, "err": "name 'ReadTimeout' is not defined"}
{"split": "heur_rare", "idx": 222, "err": "name 'ReadTimeout' is not defined"}
{"split": "heur_rare", "idx": 223, "err": "name 'ReadTimeout' is not defined"}
{"split": "heur_rare", "idx": 224, "err": "name 'ReadTimeout' is not defined"}
{"split": "heur_rare", "idx": 225, "err": "name 'ReadTimeout' is not defined"}
{"split": "heur_rare", "idx": 226, "err": "name 'ReadTimeout' is not defined"}
{"split": "heur_rare", "idx": 227, "err": "name 'ReadTimeout' is not defined"}
{"split": "heur_rare", "idx": 228, "err": "name 'ReadTimeout' is not defined"}
{"split": "heur_rare", "idx": 229, "err": "name 'ReadTimeout' is not defined"}
{"split": "heur_rare", "idx": 230, "err": "name 'ReadTimeout' is not defined"}
{"split": "heur_rare", "idx": 231, "err": "name 'ReadTimeout' is not defined"}
{"split": "heur_rare", "idx": 232, "err": "name 'ReadTimeout' is not defined"}
{"split": "heur_rare", "idx": 233, "err": "name 'ReadTimeout' is not defined"}
{"split": "heur_rare", "idx": 234, "err": "name 'ReadTimeout' is not defined"}
{"split": "heur_rare", "idx": 235, "err": "name 'ReadTimeout' is not defined"}
{"split": "heur_rare", "idx": 236, "err": "name 'ReadTimeout' is not defined"}
{"split": "heur_rare", "idx": 237, "err": "name 'ReadTimeout' is not defined"}
{"split": "heur_rare", "idx": 238, "err": "name 'ReadTimeout' is not defined"}
{"split": "heur_rare", "idx": 239, "err": "name 'ReadTimeout' is not defined"}
{"split": "heur_rare", "idx": 240, "err": "name 'ReadTimeout' is not defined"}
{"split": "heur_rare", "idx": 241, "err": "name 'ReadTimeout' is not defined"}
{"split": "heur_rare", "idx": 242, "err": "name 'ReadTimeout' is not defined"}
{"split": "heur_rare", "idx": 243, "err": "name 'ReadTimeout' is not defined"}
{"split": "heur_rare", "idx": 244, "err": "name 'ReadTimeout' is not defined"}
{"split": "heur_rare", "idx": 245, "err": "name 'ReadTimeout' is not defined"}
{"split": "heur_rare", "idx": 246, "err": "name 'ReadTimeout' is not defined"}
{"split": "heur_rare", "idx": 247, "err": "name 'ReadTimeout' is not defined"}
{"split": "heur_rare", "idx": 248, "err": "name 'ReadTimeout' is not defined"}
{"split": "heur_rare", "idx": 249, "err": "name 'ReadTimeout' is not defined"}
{"split": "heur_rare", "idx": 250, "err": "name 'ReadTimeout' is not defined"}
{"split": "heur_rare", "idx": 251, "err": "name 'ReadTimeout' is not defined"}
{"split": "heur_rare", "idx": 252, "err": "name 'ReadTimeout' is not defined"}
{"split": "heur_rare", "idx": 253, "err": "name 'ReadTimeout' is not defined"}
{"split": "heur_rare", "idx": 254, "err": "name 'ReadTimeout' is not defined"}
{"split": "heur_rare", "idx": 255, "err": "name 'ReadTimeout' is not defined"}
{"split": "heur_rare", "idx": 256, "err": "name 'ReadTimeout' is not defined"}
{"split": "heur_rare", "idx": 257, "err": "name 'ReadTimeout' is not defined"}
{"split": "heur_rare", "idx": 258, "err": "name 'ReadTimeout' is not defined"}
{"split": "heur_rare", "idx": 259, "err": "name 'ReadTimeout' is not defined"}
{"split": "heur_rare", "idx": 260, "err": "name 'ReadTimeout' is not defined"}
{"split": "heur_rare", "idx": 261, "err": "name 'ReadTimeout' is not defined"}
{"split": "heur_rare", "idx": 262, "err": "name 'ReadTimeout' is not defined"}
{"split": "heur_rare", "idx": 263, "err": "name 'ReadTimeout' is not defined"}
{"split": "heur_rare", "idx": 264, "err": "name 'ReadTimeout' is not defined"}
{"split": "heur_rare", "idx": 265, "err": "name 'ReadTimeout' is not defined"}
{"split": "heur_rare", "idx": 266, "err": "name 'ReadTimeout' is not defined"}
{"split": "heur_rare", "idx": 267, "err": "name 'ReadTimeout' is not defined"}
{"split": "heur_rare", "idx": 268, "err": "name 'ReadTimeout' is not defined"}
{"split": "heur_rare", "idx": 269, "err": "name 'ReadTimeout' is not defined"}
{"split": "heur_rare", "idx": 270, "err": "name 'ReadTimeout' is not defined"}
{"split": "heur_rare", "idx": 271, "err": "name 'ReadTimeout' is not defined"}
{"split": "heur_rare", "idx": 272, "err": "name 'ReadTimeout' is not defined"}
{"split": "heur_rare", "idx": 273, "err": "name 'ReadTimeout' is not defined"}
{"split": "heur_rare", "idx": 274, "err": "name 'ReadTimeout' is not defined"}
{"split": "heur_rare", "idx": 275, "err": "name 'ReadTimeout' is not defined"}
{"split": "heur_rare", "idx": 276, "err": "name 'ReadTimeout' is not defined"}
{"split": "heur_rare", "idx": 277, "err": "name 'ReadTimeout' is not defined"}
{"split": "heur_rare", "idx": 278, "err": "name 'ReadTimeout' is not defined"}
{"split": "heur_rare", "idx": 279, "err": "name 'ReadTimeout' is not defined"}
{"split": "heur_rare", "idx": 280, "err": "name 'ReadTimeout' is not defined"}
{"split": "heur_rare", "idx": 281, "err": "name 'ReadTimeout' is not defined"}
{"split": "heur_rare", "idx": 282, "err": "name 'ReadTimeout' is not defined"}
{"split": "heur_rare", "idx": 283, "err": "name 'ReadTimeout' is not defined"}
{"split": "heur_rare", "idx": 284, "err": "name 'ReadTimeout' is not defined"}
{"split": "heur_rare", "idx": 285, "err": "name 'ReadTimeout' is not defined"}
{"split": "heur_rare", "idx": 286, "err": "name 'ReadTimeout' is not defined"}
{"split": "heur_rare", "idx": 287, "err": "name 'ReadTimeout' is not defined"}
{"split": "heur_rare", "idx": 288, "err": "name 'ReadTimeout' is not defined"}
{"split": "heur_rare", "idx": 289, "err": "name 'ReadTimeout' is not defined"}
{"split": "heur_rare", "idx": 290, "err": "name 'ReadTimeout' is not defined"}
{"split": "heur_rare", "idx": 291, "err": "name 'ReadTimeout' is not defined"}
{"split": "heur_rare", "idx": 292, "err": "name 'ReadTimeout' is not defined"}
{"split": "heur_rare", "idx": 293, "err": "name 'ReadTimeout' is not defined"}
{"split": "heur_rare", "idx": 294, "err": "name 'ReadTimeout' is not defined"}
{"split": "heur_rare", "idx": 295, "err": "name 'ReadTimeout' is not defined"}
{"split": "heur_rare", "idx": 296, "err": "name 'ReadTimeout' is not defined"}
{"split": "heur_rare", "idx": 297, "err": "name 'ReadTimeout' is not defined"}
{"split": "heur_rare", "idx": 298, "err": "name 'ReadTimeout' is not defined"}
{"split": "heur_rare", "idx": 299, "err": "name 'ReadTimeout' is not defined"}
{"split": "heur_rare", "idx": 300, "err": "name 'ReadTimeout' is not defined"}
{"split": "heur_rare", "idx": 301, "err": "name 'ReadTimeout' is not defined"}
{"split": "heur_rare", "idx": 302, "err": "name 'ReadTimeout' is not defined"}
{"split": "heur_rare", "idx": 303, "err": "name 'ReadTimeout' is not defined"}
{"split": "heur_rare", "idx": 304, "err": "name 'ReadTimeout' is not defined"}
{"split": "heur_rare", "idx": 305, "err": "name 'ReadTimeout' is not defined"}
{"split": "heur_rare", "idx": 306, "err": "name 'ReadTimeout' is not defined"}
{"split": "heur_rare", "idx": 307, "err": "name 'ReadTimeout' is not defined"}
{"split": "heur_rare", "idx": 308, "err": "name 'ReadTimeout' is not defined"}
{"split": "heur_rare", "idx": 309, "err": "name 'ReadTimeout' is not defined"}
{"split": "heur_rare", "idx": 310, "err": "name 'ReadTimeout' is not defined"}
{"split": "heur_rare", "idx": 311, "err": "name 'ReadTimeout' is not defined"}
{"split": "heur_rare", "idx": 312, "err": "name 'ReadTimeout' is not defined"}
{"split": "heur_rare", "idx": 313, "err": "name 'ReadTimeout' is not defined"}
{"split": "heur_rare", "idx": 314, "err": "name 'ReadTimeout' is not defined"}
{"split": "heur_rare", "idx": 315, "err": "name 'ReadTimeout' is not defined"}
{"split": "heur_rare", "idx": 316, "err": "name 'ReadTimeout' is not defined"}
{"split": "heur_rare", "idx": 317, "err": "name 'ReadTimeout' is not defined"}
{"split": "heur_rare", "idx": 318, "err": "name 'ReadTimeout' is not defined"}
{"split": "heur_rare", "idx": 319, "err": "name 'ReadTimeout' is not defined"}
{"split": "heur_rare", "idx": 320, "err": "name 'ReadTimeout' is not defined"}
{"split": "heur_rare", "idx": 321, "err": "name 'ReadTimeout' is not defined"}
{"split": "heur_rare", "idx": 322, "err": "name 'ReadTimeout' is not defined"}
{"split": "heur_rare", "idx": 323, "err": "name 'ReadTimeout' is not defined"}
{"split": "heur_rare", "idx": 324, "err": "name 'ReadTimeout' is not defined"}
{"split": "heur_rare", "idx": 325, "err": "name 'ReadTimeout' is not defined"}
{"split": "heur_rare", "idx": 326, "err": "name 'ReadTimeout' is not defined"}
{"split": "heur_rare", "idx": 327, "err": "name 'ReadTimeout' is not defined"}
{"split": "heur_rare", "idx": 328, "err": "name 'ReadTimeout' is not defined"}
{"split": "heur_rare", "idx": 329, "err": "name 'ReadTimeout' is not defined"}
{"split": "heur_rare", "idx": 330, "err": "name 'ReadTimeout' is not defined"}
{"split": "heur_rare", "idx": 331, "err": "name 'ReadTimeout' is not defined"}
{"split": "heur_rare", "idx": 332, "err": "name 'ReadTimeout' is not defined"}
{"split": "heur_rare", "idx": 333, "err": "name 'ReadTimeout' is not defined"}
{"split": "heur_rare", "idx": 334, "err": "name 'ReadTimeout' is not defined"}
{"split": "heur_rare", "idx": 335, "err": "name 'ReadTimeout' is not defined"}
{"split": "heur_rare", "idx": 336, "err": "name 'ReadTimeout' is not defined"}
{"split": "heur_rare", "idx": 337, "err": "name 'ReadTimeout' is not defined"}
{"split": "heur_rare", "idx": 338, "err": "name 'ReadTimeout' is not defined"}
{"split": "heur_rare", "idx": 339, "err": "name 'ReadTimeout' is not defined"}
{"split": "heur_rare", "idx": 340, "err": "name 'ReadTimeout' is not defined"}
{"split": "heur_rare", "idx": 341, "err": "name 'ReadTimeout' is not defined"}
{"split": "heur_rare", "idx": 342, "err": "name 'ReadTimeout' is not defined"}
{"split": "heur_rare", "idx": 343, "err": "name 'ReadTimeout' is not defined"}
{"split": "heur_rare", "idx": 344, "err": "name 'ReadTimeout' is not defined"}
{"split": "heur_rare", "idx": 345, "err": "name 'ReadTimeout' is not defined"}
{"split": "heur_rare", "idx": 346, "err": "name 'ReadTimeout' is not defined"}
{"split": "heur_rare", "idx": 347, "err": "name 'ReadTimeout' is not defined"}
{"split": "heur_rare", "idx": 348, "err": "name 'ReadTimeout' is not defined"}
{"split": "heur_rare", "idx": 349, "err": "name 'ReadTimeout' is not defined"}
{"split": "heur_rare", "idx": 350, "err": "name 'ReadTimeout' is not defined"}
{"split": "heur_rare", "idx": 351, "err": "name 'ReadTimeout' is not defined"}
{"split": "heur_rare", "idx": 352, "err": "name 'ReadTimeout' is not defined"}
{"split": "heur_rare", "idx": 353, "err": "name 'ReadTimeout' is not defined"}
{"split": "heur_rare", "idx": 354, "err": "name 'ReadTimeout' is not defined"}
{"split": "heur_rare", "idx": 355, "err": "name 'ReadTimeout' is not defined"}
{"split": "heur_rare", "idx": 356, "err": "name 'ReadTimeout' is not defined"}
{"split": "heur_rare", "idx": 357, "err": "name 'ReadTimeout' is not defined"}
{"split": "heur_rare", "idx": 358, "err": "name 'ReadTimeout' is not defined"}
{"split": "heur_rare", "idx": 359, "err": "name 'ReadTimeout' is not defined"}
{"split": "heur_rare", "idx": 360, "err": "name 'ReadTimeout' is not defined"}
{"split": "heur_rare", "idx": 361, "err": "name 'ReadTimeout' is not defined"}
{"split": "heur_rare", "idx": 362, "err": "name 'ReadTimeout' is not defined"}
{"split": "heur_rare", "idx": 363, "err": "name 'ReadTimeout' is not defined"}
{"split": "heur_rare", "idx": 364, "err": "name 'ReadTimeout' is not defined"}
{"split": "heur_rare", "idx": 365, "err": "name 'ReadTimeout' is not defined"}
{"split": "heur_rare", "idx": 366, "err": "name 'ReadTimeout' is not defined"}
{"split": "heur_rare", "idx": 367, "err": "name 'ReadTimeout' is not defined"}
{"split": "heur_rare", "idx": 368, "err": "name 'ReadTimeout' is not defined"}
{"split": "heur_rare", "idx": 369, "err": "name 'ReadTimeout' is not defined"}
{"split": "heur_rare", "idx": 370, "err": "name 'ReadTimeout' is not defined"}
{"split": "heur_rare", "idx": 371, "err": "name 'ReadTimeout' is not defined"}
{"split": "heur_rare", "idx": 372, "err": "name 'ReadTimeout' is not defined"}
{"split": "heur_rare", "idx": 373, "err": "name 'ReadTimeout' is not defined"}
{"split": "heur_rare", "idx": 374, "err": "name 'ReadTimeout' is not defined"}
{"split": "heur_rare", "idx": 375, "err": "name 'ReadTimeout' is not defined"}
{"split": "heur_rare", "idx": 376, "err": "name 'ReadTimeout' is not defined"}
{"split": "heur_rare", "idx": 377, "err": "name 'ReadTimeout' is not defined"}
{"split": "heur_rare", "idx": 378, "err": "name 'ReadTimeout' is not defined"}
{"split": "heur_rare", "idx": 379, "err": "name 'ReadTimeout' is not defined"}
{"split": "heur_rare", "idx": 380, "err": "name 'ReadTimeout' is not defined"}
{"split": "heur_rare", "idx": 381, "err": "name 'ReadTimeout' is not defined"}
{"split": "heur_rare", "idx": 382, "err": "name 'ReadTimeout' is not defined"}
{"split": "heur_rare", "idx": 383, "err": "name 'ReadTimeout' is not defined"}
{"split": "heur_rare", "idx": 384, "err": "name 'ReadTimeout' is not defined"}
{"split": "heur_rare", "idx": 385, "err": "name 'ReadTimeout' is not defined"}
{"split": "heur_rare", "idx": 386, "err": "name 'ReadTimeout' is not defined"}
{"split": "heur_rare", "idx": 387, "err": "name 'ReadTimeout' is not defined"}
{"split": "heur_rare", "idx": 388, "err": "name 'ReadTimeout' is not defined"}
{"split": "heur_rare", "idx": 389, "err": "name 'ReadTimeout' is not defined"}
{"split": "heur_rare", "idx": 390, "err": "name 'ReadTimeout' is not defined"}
{"split": "heur_rare", "idx": 391, "err": "name 'ReadTimeout' is not defined"}
{"split": "heur_rare", "idx": 392, "err": "name 'ReadTimeout' is not defined"}
{"split": "heur_rare", "idx": 393, "err": "name 'ReadTimeout' is not defined"}
{"split": "heur_rare", "idx": 394, "err": "name 'ReadTimeout' is not defined"}
{"split": "heur_rare", "idx": 395, "err": "name 'ReadTimeout' is not defined"}
{"split": "heur_rare", "idx": 396, "err": "name 'ReadTimeout' is not defined"}
{"split": "heur_rare", "idx": 397, "err": "name 'ReadTimeout' is not defined"}
{"split": "heur_rare", "idx": 398, "err": "name 'ReadTimeout' is not defined"}
{"split": "heur_rare", "idx": 399, "err": "name 'ReadTimeout' is not defined"}
{"split": "heur_rare", "idx": 400, "err": "name 'ReadTimeout' is not defined"}
{"split": "heur_rare", "idx": 401, "err": "name 'ReadTimeout' is not defined"}
{"split": "heur_rare", "idx": 402, "err": "name 'ReadTimeout' is not defined"}
{"split": "heur_rare", "idx": 403, "err": "name 'ReadTimeout' is not defined"}
{"split": "heur_rare", "idx": 404, "err": "name 'ReadTimeout' is not defined"}
{"split": "heur_rare", "idx": 405, "err": "name 'ReadTimeout' is not defined"}
{"split": "heur_rare", "idx": 406, "err": "name 'ReadTimeout' is not defined"}
{"split": "heur_rare", "idx": 407, "err": "name 'ReadTimeout' is not defined"}
{"split": "heur_rare", "idx": 408, "err": "name 'ReadTimeout' is not defined"}
{"split": "heur_rare", "idx": 409, "err": "name 'ReadTimeout' is not defined"}
{"split": "heur_rare", "idx": 410, "err": "name 'ReadTimeout' is not defined"}
{"split": "heur_rare", "idx": 411, "err": "name 'ReadTimeout' is not defined"}
{"split": "heur_rare", "idx": 412, "err": "name 'ReadTimeout' is not defined"}
{"split": "heur_rare", "idx": 413, "err": "name 'ReadTimeout' is not defined"}
{"split": "heur_rare", "idx": 414, "err": "name 'ReadTimeout' is not defined"}
{"split": "heur_rare", "idx": 415, "err": "name 'ReadTimeout' is not defined"}
{"split": "heur_rare", "idx": 416, "err": "name 'ReadTimeout' is not defined"}
{"split": "heur_rare", "idx": 417, "err": "name 'ReadTimeout' is not defined"}
{"split": "heur_rare", "idx": 418, "err": "name 'ReadTimeout' is not defined"}
{"split": "heur_rare", "idx": 419, "err": "name 'ReadTimeout' is not defined"}
{"split": "heur_rare", "idx": 420, "err": "name 'ReadTimeout' is not defined"}
{"split": "heur_rare", "idx": 421, "err": "name 'ReadTimeout' is not defined"}
{"split": "heur_rare", "idx": 422, "err": "name 'ReadTimeout' is not defined"}
{"split": "heur_rare", "idx": 423, "err": "name 'ReadTimeout' is not defined"}
{"split": "heur_rare", "idx": 424, "err": "name 'ReadTimeout' is not defined"}
{"split": "heur_rare", "idx": 425, "err": "name 'ReadTimeout' is not defined"}
{"split": "heur_rare", "idx": 426, "err": "name 'ReadTimeout' is not defined"}
{"split": "heur_rare", "idx": 427, "err": "name 'ReadTimeout' is not defined"}
{"split": "heur_rare", "idx": 428, "err": "name 'ReadTimeout' is not defined"}
{"split": "heur_rare", "idx": 429, "err": "name 'ReadTimeout' is not defined"}
{"split": "heur_rare", "idx": 430, "err": "name 'ReadTimeout' is not defined"}
{"split": "heur_rare", "idx": 431, "err": "name 'ReadTimeout' is not defined"}
{"split": "heur_rare", "idx": 432, "err": "name 'ReadTimeout' is not defined"}
{"split": "heur_rare", "idx": 433, "err": "name 'ReadTimeout' is not defined"}
{"split": "heur_rare", "idx": 434, "err": "name 'ReadTimeout' is not defined"}
{"split": "heur_rare", "idx": 435, "err": "name 'ReadTimeout' is not defined"}
{"split": "heur_rare", "idx": 436, "err": "name 'ReadTimeout' is not defined"}
{"split": "heur_rare", "idx": 437, "err": "name 'ReadTimeout' is not defined"}
{"split": "heur_rare", "idx": 438, "err": "name 'ReadTimeout' is not defined"}
{"split": "heur_rare", "idx": 439, "err": "name 'ReadTimeout' is not defined"}
{"split": "heur_rare", "idx": 440, "err": "name 'ReadTimeout' is not defined"}
{"split": "heur_rare", "idx": 441, "err": "name 'ReadTimeout' is not defined"}
{"split": "heur_rare", "idx": 442, "err": "name 'ReadTimeout' is not defined"}
{"split": "heur_rare", "idx": 443, "err": "name 'ReadTimeout' is not defined"}
{"split": "heur_rare", "idx": 444, "err": "name 'ReadTimeout' is not defined"}
{"split": "heur_rare", "idx": 445, "err": "name 'ReadTimeout' is not defined"}
{"split": "heur_rare", "idx": 446, "err": "name 'ReadTimeout' is not defined"}
{"split": "heur_rare", "idx": 447, "err": "name 'ReadTimeout' is not defined"}
{"split": "heur_rare", "idx": 448, "err": "name 'ReadTimeout' is not defined"}
{"split": "heur_rare", "idx": 449, "err": "name 'ReadTimeout' is not defined"}
{"split": "heur_rare", "idx": 450, "err": "name 'ReadTimeout' is not defined"}
{"split": "heur_rare", "idx": 451, "err": "name 'ReadTimeout' is not defined"}
{"split": "heur_rare", "idx": 452, "err": "name 'ReadTimeout' is not defined"}
{"split": "heur_rare", "idx": 453, "err": "name 'ReadTimeout' is not defined"}
{"split": "heur_rare", "idx": 454, "err": "name 'ReadTimeout' is not defined"}
{"split": "heur_rare", "idx": 455, "err": "name 'ReadTimeout' is not defined"}
{"split": "heur_rare", "idx": 456, "err": "name 'ReadTimeout' is not defined"}
{"split": "heur_rare", "idx": 457, "err": "name 'ReadTimeout' is not defined"}
{"split": "heur_rare", "idx": 458, "err": "name 'ReadTimeout' is not defined"}
{"split": "heur_rare", "idx": 459, "err": "name 'ReadTimeout' is not defined"}
{"split": "heur_rare", "idx": 460, "err": "name 'ReadTimeout' is not defined"}
{"split": "heur_rare", "idx": 461, "err": "name 'ReadTimeout' is not defined"}
{"split": "heur_rare", "idx": 462, "err": "name 'ReadTimeout' is not defined"}
{"split": "heur_rare", "idx": 463, "err": "name 'ReadTimeout' is not defined"}
{"split": "heur_rare", "idx": 464, "err": "name 'ReadTimeout' is not defined"}
{"split": "heur_rare", "idx": 465, "err": "name 'ReadTimeout' is not defined"}
{"split": "heur_rare", "idx": 466, "err": "name 'ReadTimeout' is not defined"}
{"split": "heur_rare", "idx": 467, "err": "name 'ReadTimeout' is not defined"}
{"split": "heur_rare", "idx": 468, "err": "name 'ReadTimeout' is not defined"}
{"split": "heur_rare", "idx": 469, "err": "name 'ReadTimeout' is not defined"}
{"split": "heur_rare", "idx": 470, "err": "name 'ReadTimeout' is not defined"}
{"split": "heur_rare", "idx": 471, "err": "name 'ReadTimeout' is not defined"}
{"split": "heur_rare", "idx": 472, "err": "name 'ReadTimeout' is not defined"}
{"split": "heur_rare", "idx": 473, "err": "name 'ReadTimeout' is not defined"}
{"split": "heur_rare", "idx": 474, "err": "name 'ReadTimeout' is not defined"}
{"split": "heur_rare", "idx": 475, "err": "name 'ReadTimeout' is not defined"}
{"split": "heur_rare", "idx": 476, "err": "name 'ReadTimeout' is not defined"}
{"split": "heur_rare", "idx": 477, "err": "name 'ReadTimeout' is not defined"}
{"split": "heur_rare", "idx": 478, "err": "name 'ReadTimeout' is not defined"}
{"split": "heur_rare", "idx": 479, "err": "name 'ReadTimeout' is not defined"}
{"split": "heur_rare", "idx": 480, "err": "name 'ReadTimeout' is not defined"}
{"split": "heur_rare", "idx": 481, "err": "name 'ReadTimeout' is not defined"}
{"split": "heur_rare", "idx": 482, "err": "name 'ReadTimeout' is not defined"}
{"split": "heur_rare", "idx": 483, "err": "name 'ReadTimeout' is not defined"}
{"split": "heur_rare", "idx": 484, "err": "name 'ReadTimeout' is not defined"}
{"split": "heur_rare", "idx": 485, "err": "name 'ReadTimeout' is not defined"}
{"split": "heur_rare", "idx": 486, "err": "name 'ReadTimeout' is not defined"}
{"split": "heur_rare", "idx": 487, "err": "name 'ReadTimeout' is not defined"}
{"split": "heur_rare", "idx": 488, "err": "name 'ReadTimeout' is not defined"}
{"split": "heur_rare", "idx": 489, "err": "name 'ReadTimeout' is not defined"}
{"split": "heur_rare", "idx": 490, "err": "name 'ReadTimeout' is not defined"}
{"split": "heur_rare", "idx": 491, "err": "name 'ReadTimeout' is not defined"}
{"split": "heur_rare", "idx": 492, "err": "name 'ReadTimeout' is not defined"}
{"split": "heur_rare", "idx": 493, "err": "name 'ReadTimeout' is not defined"}
{"split": "heur_rare", "idx": 494, "err": "name 'ReadTimeout' is not defined"}
{"split": "heur_rare", "idx": 495, "err": "name 'ReadTimeout' is not defined"}
{"split": "heur_rare", "idx": 496, "err": "name 'ReadTimeout' is not defined"}
{"split": "heur_rare", "idx": 497, "err": "name 'ReadTimeout' is not defined"}
{"split": "heur_rare", "idx": 498, "err": "name 'ReadTimeout' is not defined"}
{"split": "heur_rare", "idx": 499, "err": "name 'ReadTimeout' is not defined"}
{"split": "adversarial", "idx": 0, "err": "name 'ReadTimeout' is not defined"}
{"split": "adversarial", "idx": 1, "err": "name 'ReadTimeout' is not defined"}
{"split": "adversarial", "idx": 2, "err": "name 'ReadTimeout' is not defined"}
{"split": "adversarial", "idx": 3, "err": "name 'ReadTimeout' is not defined"}
{"split": "adversarial", "idx": 4, "err": "name 'ReadTimeout' is not defined"}
{"split": "adversarial", "idx": 5, "err": "name 'ReadTimeout' is not defined"}
{"split": "adversarial", "idx": 6, "err": "name 'ReadTimeout' is not defined"}
{"split": "adversarial", "idx": 7, "err": "name 'ReadTimeout' is not defined"}
{"split": "adversarial", "idx": 8, "err": "name 'ReadTimeout' is not defined"}
{"split": "adversarial", "idx": 9, "err": "name 'ReadTimeout' is not defined"}
{"split": "adversarial", "idx": 10, "err": "name 'ReadTimeout' is not defined"}
{"split": "adversarial", "idx": 11, "err": "name 'ReadTimeout' is not defined"}
{"split": "adversarial", "idx": 12, "err": "name 'ReadTimeout' is not defined"}
{"split": "adversarial", "idx": 13, "err": "name 'ReadTimeout' is not defined"}
{"split": "adversarial", "idx": 14, "err": "name 'ReadTimeout' is not defined"}
{"split": "adversarial", "idx": 15, "err": "name 'ReadTimeout' is not defined"}
{"split": "adversarial", "idx": 16, "err": "name 'ReadTimeout' is not defined"}
{"split": "adversarial", "idx": 17, "err": "name 'ReadTimeout' is not defined"}
{"split": "adversarial", "idx": 18, "err": "name 'ReadTimeout' is not defined"}
{"split": "adversarial", "idx": 19, "err": "name 'ReadTimeout' is not defined"}
{"split": "adversarial", "idx": 20, "err": "name 'ReadTimeout' is not defined"}
{"split": "adversarial", "idx": 21, "err": "name 'ReadTimeout' is not defined"}
{"split": "adversarial", "idx": 22, "err": "name 'ReadTimeout' is not defined"}
{"split": "adversarial", "idx": 23, "err": "name 'ReadTimeout' is not defined"}
{"split": "adversarial", "idx": 24, "err": "name 'ReadTimeout' is not defined"}
{"split": "adversarial", "idx": 25, "err": "name 'ReadTimeout' is not defined"}
{"split": "adversarial", "idx": 26, "err": "name 'ReadTimeout' is not defined"}
{"split": "adversarial", "idx": 27, "err": "name 'ReadTimeout' is not defined"}
{"split": "adversarial", "idx": 28, "err": "name 'ReadTimeout' is not defined"}
{"split": "adversarial", "idx": 29, "err": "name 'ReadTimeout' is not defined"}
{"split": "adversarial", "idx": 30, "err": "name 'ReadTimeout' is not defined"}
{"split": "adversarial", "idx": 31, "err": "name 'ReadTimeout' is not defined"}
{"split": "adversarial", "idx": 32, "err": "name 'ReadTimeout' is not defined"}
{"split": "adversarial", "idx": 33, "err": "name 'ReadTimeout' is not defined"}
{"split": "adversarial", "idx": 34, "err": "name 'ReadTimeout' is not defined"}
{"split": "adversarial", "idx": 35, "err": "name 'ReadTimeout' is not defined"}
{"split": "adversarial", "idx": 36, "err": "name 'ReadTimeout' is not defined"}
{"split": "adversarial", "idx": 37, "err": "name 'ReadTimeout' is not defined"}
{"split": "adversarial", "idx": 38, "err": "name 'ReadTimeout' is not defined"}
{"split": "adversarial", "idx": 39, "err": "name 'ReadTimeout' is not defined"}
{"split": "adversarial", "idx": 40, "err": "name 'ReadTimeout' is not defined"}
{"split": "adversarial", "idx": 41, "err": "name 'ReadTimeout' is not defined"}
{"split": "adversarial", "idx": 42, "err": "name 'ReadTimeout' is not defined"}
{"split": "adversarial", "idx": 43, "err": "name 'ReadTimeout' is not defined"}
{"split": "adversarial", "idx": 44, "err": "name 'ReadTimeout' is not defined"}
{"split": "adversarial", "idx": 45, "err": "name 'ReadTimeout' is not defined"}
{"split": "adversarial", "idx": 46, "err": "name 'ReadTimeout' is not defined"}
{"split": "adversarial", "idx": 47, "err": "name 'ReadTimeout' is not defined"}
{"split": "adversarial", "idx": 48, "err": "name 'ReadTimeout' is not defined"}
{"split": "adversarial", "idx": 49, "err": "name 'ReadTimeout' is not defined"}
{"split": "adversarial", "idx": 50, "err": "name 'ReadTimeout' is not defined"}
{"split": "adversarial", "idx": 51, "err": "name 'ReadTimeout' is not defined"}
{"split": "adversarial", "idx": 52, "err": "name 'ReadTimeout' is not defined"}
{"split": "adversarial", "idx": 53, "err": "name 'ReadTimeout' is not defined"}
{"split": "adversarial", "idx": 54, "err": "name 'ReadTimeout' is not defined"}
{"split": "adversarial", "idx": 55, "err": "name 'ReadTimeout' is not defined"}
{"split": "adversarial", "idx": 56, "err": "name 'ReadTimeout' is not defined"}
{"split": "adversarial", "idx": 57, "err": "name 'ReadTimeout' is not defined"}
{"split": "adversarial", "idx": 58, "err": "name 'ReadTimeout' is not defined"}
{"split": "adversarial", "idx": 59, "err": "name 'ReadTimeout' is not defined"}
{"split": "adversarial", "idx": 60, "err": "name 'ReadTimeout' is not defined"}
{"split": "adversarial", "idx": 61, "err": "name 'ReadTimeout' is not defined"}
{"split": "adversarial", "idx": 62, "err": "name 'ReadTimeout' is not defined"}
{"split": "adversarial", "idx": 63, "err": "name 'ReadTimeout' is not defined"}
{"split": "adversarial", "idx": 64, "err": "name 'ReadTimeout' is not defined"}
{"split": "adversarial", "idx": 65, "err": "name 'ReadTimeout' is not defined"}
{"split": "adversarial", "idx": 66, "err": "name 'ReadTimeout' is not defined"}
{"split": "adversarial", "idx": 67, "err": "name 'ReadTimeout' is not defined"}
{"split": "adversarial", "idx": 68, "err": "name 'ReadTimeout' is not defined"}
{"split": "adversarial", "idx": 69, "err": "name 'ReadTimeout' is not defined"}
{"split": "adversarial", "idx": 70, "err": "name 'ReadTimeout' is not defined"}
{"split": "adversarial", "idx": 71, "err": "name 'ReadTimeout' is not defined"}
{"split": "adversarial", "idx": 72, "err": "name 'ReadTimeout' is not defined"}
{"split": "adversarial", "idx": 73, "err": "name 'ReadTimeout' is not defined"}
{"split": "adversarial", "idx": 74, "err": "name 'ReadTimeout' is not defined"}
{"split": "adversarial", "idx": 75, "err": "name 'ReadTimeout' is not defined"}
{"split": "adversarial", "idx": 76, "err": "name 'ReadTimeout' is not defined"}
{"split": "adversarial", "idx": 77, "err": "name 'ReadTimeout' is not defined"}
{"split": "adversarial", "idx": 78, "err": "name 'ReadTimeout' is not defined"}
{"split": "adversarial", "idx": 79, "err": "name 'ReadTimeout' is not defined"}
{"split": "adversarial", "idx": 80, "err": "name 'ReadTimeout' is not defined"}
{"split": "adversarial", "idx": 81, "err": "name 'ReadTimeout' is not defined"}
{"split": "adversarial", "idx": 82, "err": "name 'ReadTimeout' is not defined"}
{"split": "adversarial", "idx": 83, "err": "name 'ReadTimeout' is not defined"}
{"split": "adversarial", "idx": 84, "err": "name 'ReadTimeout' is not defined"}
{"split": "adversarial", "idx": 85, "err": "name 'ReadTimeout' is not defined"}
{"split": "adversarial", "idx": 86, "err": "name 'ReadTimeout' is not defined"}
{"split": "adversarial", "idx": 87, "err": "name 'ReadTimeout' is not defined"}
{"split": "adversarial", "idx": 88, "err": "name 'ReadTimeout' is not defined"}
{"split": "adversarial", "idx": 89, "err": "name 'ReadTimeout' is not defined"}
{"split": "adversarial", "idx": 90, "err": "name 'ReadTimeout' is not defined"}
{"split": "adversarial", "idx": 91, "err": "name 'ReadTimeout' is not defined"}
{"split": "adversarial", "idx": 92, "err": "name 'ReadTimeout' is not defined"}
{"split": "adversarial", "idx": 93, "err": "name 'ReadTimeout' is not defined"}
{"split": "adversarial", "idx": 94, "err": "name 'ReadTimeout' is not defined"}
{"split": "adversarial", "idx": 95, "err": "name 'ReadTimeout' is not defined"}
{"split": "adversarial", "idx": 96, "err": "name 'ReadTimeout' is not defined"}
{"split": "adversarial", "idx": 97, "err": "name 'ReadTimeout' is not defined"}
{"split": "adversarial", "idx": 98, "err": "name 'ReadTimeout' is not defined"}
{"split": "adversarial", "idx": 99, "err": "name 'ReadTimeout' is not defined"}
{"split": "adversarial", "idx": 100, "err": "name 'ReadTimeout' is not defined"}
{"split": "adversarial", "idx": 101, "err": "name 'ReadTimeout' is not defined"}
{"split": "adversarial", "idx": 102, "err": "name 'ReadTimeout' is not defined"}
{"split": "adversarial", "idx": 103, "err": "name 'ReadTimeout' is not defined"}
{"split": "adversarial", "idx": 104, "err": "name 'ReadTimeout' is not defined"}
{"split": "adversarial", "idx": 105, "err": "name 'ReadTimeout' is not defined"}
{"split": "adversarial", "idx": 106, "err": "name 'ReadTimeout' is not defined"}
{"split": "adversarial", "idx": 107, "err": "name 'ReadTimeout' is not defined"}
{"split": "adversarial", "idx": 108, "err": "name 'ReadTimeout' is not defined"}
{"split": "adversarial", "idx": 109, "err": "name 'ReadTimeout' is not defined"}
{"split": "adversarial", "idx": 110, "err": "name 'ReadTimeout' is not defined"}
{"split": "adversarial", "idx": 111, "err": "name 'ReadTimeout' is not defined"}
{"split": "adversarial", "idx": 112, "err": "name 'ReadTimeout' is not defined"}
{"split": "adversarial", "idx": 113, "err": "name 'ReadTimeout' is not defined"}
{"split": "adversarial", "idx": 114, "err": "name 'ReadTimeout' is not defined"}
{"split": "adversarial", "idx": 115, "err": "name 'ReadTimeout' is not defined"}
{"split": "adversarial", "idx": 116, "err": "name 'ReadTimeout' is not defined"}
{"split": "adversarial", "idx": 117, "err": "name 'ReadTimeout' is not defined"}
{"split": "adversarial", "idx": 118, "err": "name 'ReadTimeout' is not defined"}
{"split": "adversarial", "idx": 119, "err": "name 'ReadTimeout' is not defined"}
{"split": "adversarial", "idx": 120, "err": "name 'ReadTimeout' is not defined"}
{"split": "adversarial", "idx": 121, "err": "name 'ReadTimeout' is not defined"}
{"split": "adversarial", "idx": 122, "err": "name 'ReadTimeout' is not defined"}
{"split": "adversarial", "idx": 123, "err": "name 'ReadTimeout' is not defined"}
{"split": "adversarial", "idx": 124, "err": "name 'ReadTimeout' is not defined"}
{"split": "adversarial", "idx": 125, "err": "name 'ReadTimeout' is not defined"}
{"split": "adversarial", "idx": 126, "err": "name 'ReadTimeout' is not defined"}
{"split": "adversarial", "idx": 127, "err": "name 'ReadTimeout' is not defined"}
{"split": "adversarial", "idx": 128, "err": "name 'ReadTimeout' is not defined"}
{"split": "adversarial", "idx": 129, "err": "name 'ReadTimeout' is not defined"}
{"split": "adversarial", "idx": 130, "err": "name 'ReadTimeout' is not defined"}
{"split": "adversarial", "idx": 131, "err": "name 'ReadTimeout' is not defined"}
{"split": "adversarial", "idx": 132, "err": "name 'ReadTimeout' is not defined"}
{"split": "adversarial", "idx": 133, "err": "name 'ReadTimeout' is not defined"}
{"split": "adversarial", "idx": 134, "err": "name 'ReadTimeout' is not defined"}
{"split": "adversarial", "idx": 135, "err": "name 'ReadTimeout' is not defined"}
{"split": "adversarial", "idx": 136, "err": "name 'ReadTimeout' is not defined"}
{"split": "adversarial", "idx": 137, "err": "name 'ReadTimeout' is not defined"}
{"split": "adversarial", "idx": 138, "err": "name 'ReadTimeout' is not defined"}
{"split": "adversarial", "idx": 139, "err": "name 'ReadTimeout' is not defined"}
{"split": "adversarial", "idx": 140, "err": "name 'ReadTimeout' is not defined"}
{"split": "adversarial", "idx": 141, "err": "name 'ReadTimeout' is not defined"}
{"split": "adversarial", "idx": 142, "err": "name 'ReadTimeout' is not defined"}
{"split": "adversarial", "idx": 143, "err": "name 'ReadTimeout' is not defined"}
{"split": "adversarial", "idx": 144, "err": "name 'ReadTimeout' is not defined"}
{"split": "adversarial", "idx": 145, "err": "name 'ReadTimeout' is not defined"}
{"split": "adversarial", "idx": 146, "err": "name 'ReadTimeout' is not defined"}
{"split": "adversarial", "idx": 147, "err": "name 'ReadTimeout' is not defined"}
{"split": "adversarial", "idx": 148, "err": "name 'ReadTimeout' is not defined"}
{"split": "adversarial", "idx": 149, "err": "name 'ReadTimeout' is not defined"}
{"split": "adversarial", "idx": 150, "err": "name 'ReadTimeout' is not defined"}
{"split": "adversarial", "idx": 151, "err": "name 'ReadTimeout' is not defined"}
{"split": "adversarial", "idx": 152, "err": "name 'ReadTimeout' is not defined"}
{"split": "adversarial", "idx": 153, "err": "name 'ReadTimeout' is not defined"}
{"split": "adversarial", "idx": 154, "err": "name 'ReadTimeout' is not defined"}
{"split": "adversarial", "idx": 155, "err": "name 'ReadTimeout' is not defined"}
{"split": "adversarial", "idx": 156, "err": "name 'ReadTimeout' is not defined"}
{"split": "adversarial", "idx": 157, "err": "name 'ReadTimeout' is not defined"}
{"split": "adversarial", "idx": 158, "err": "name 'ReadTimeout' is not defined"}
{"split": "adversarial", "idx": 159, "err": "name 'ReadTimeout' is not defined"}
{"split": "adversarial", "idx": 160, "err": "name 'ReadTimeout' is not defined"}
{"split": "adversarial", "idx": 161, "err": "name 'ReadTimeout' is not defined"}
{"split": "adversarial", "idx": 162, "err": "name 'ReadTimeout' is not defined"}
{"split": "adversarial", "idx": 163, "err": "name 'ReadTimeout' is not defined"}
{"split": "adversarial", "idx": 164, "err": "name 'ReadTimeout' is not defined"}
{"split": "adversarial", "idx": 165, "err": "name 'ReadTimeout' is not defined"}
{"split": "adversarial", "idx": 166, "err": "name 'ReadTimeout' is not defined"}
{"split": "adversarial", "idx": 167, "err": "name 'ReadTimeout' is not defined"}
{"split": "adversarial", "idx": 168, "err": "name 'ReadTimeout' is not defined"}
{"split": "adversarial", "idx": 169, "err": "name 'ReadTimeout' is not defined"}
{"split": "adversarial", "idx": 170, "err": "name 'ReadTimeout' is not defined"}
{"split": "adversarial", "idx": 171, "err": "name 'ReadTimeout' is not defined"}
{"split": "adversarial", "idx": 172, "err": "name 'ReadTimeout' is not defined"}
{"split": "adversarial", "idx": 173, "err": "name 'ReadTimeout' is not defined"}
{"split": "adversarial", "idx": 174, "err": "name 'ReadTimeout' is not defined"}
{"split": "adversarial", "idx": 175, "err": "name 'ReadTimeout' is not defined"}
{"split": "adversarial", "idx": 176, "err": "name 'ReadTimeout' is not defined"}
{"split": "adversarial", "idx": 177, "err": "name 'ReadTimeout' is not defined"}
{"split": "adversarial", "idx": 178, "err": "name 'ReadTimeout' is not defined"}
{"split": "adversarial", "idx": 179, "err": "name 'ReadTimeout' is not defined"}
{"split": "adversarial", "idx": 180, "err": "name 'ReadTimeout' is not defined"}
{"split": "adversarial", "idx": 181, "err": "name 'ReadTimeout' is not defined"}
{"split": "adversarial", "idx": 182, "err": "name 'ReadTimeout' is not defined"}
{"split": "adversarial", "idx": 183, "err": "name 'ReadTimeout' is not defined"}
{"split": "adversarial", "idx": 184, "err": "name 'ReadTimeout' is not defined"}
{"split": "adversarial", "idx": 185, "err": "name 'ReadTimeout' is not defined"}
{"split": "adversarial", "idx": 186, "err": "name 'ReadTimeout' is not defined"}
{"split": "adversarial", "idx": 187, "err": "name 'ReadTimeout' is not defined"}
{"split": "adversarial", "idx": 188, "err": "name 'ReadTimeout' is not defined"}
{"split": "adversarial", "idx": 189, "err": "name 'ReadTimeout' is not defined"}
{"split": "adversarial", "idx": 190, "err": "name 'ReadTimeout' is not defined"}
{"split": "adversarial", "idx": 191, "err": "name 'ReadTimeout' is not defined"}
{"split": "adversarial", "idx": 192, "err": "name 'ReadTimeout' is not defined"}
{"split": "adversarial", "idx": 193, "err": "name 'ReadTimeout' is not defined"}
{"split": "adversarial", "idx": 194, "err": "name 'ReadTimeout' is not defined"}
{"split": "adversarial", "idx": 195, "err": "name 'ReadTimeout' is not defined"}
{"split": "adversarial", "idx": 196, "err": "name 'ReadTimeout' is not defined"}
{"split": "adversarial", "idx": 197, "err": "name 'ReadTimeout' is not defined"}
{"split": "adversarial", "idx": 198, "err": "name 'ReadTimeout' is not defined"}
{"split": "adversarial", "idx": 199, "err": "name 'ReadTimeout' is not defined"}
{"split": "adversarial", "idx": 200, "err": "name 'ReadTimeout' is not defined"}
{"split": "adversarial", "idx": 201, "err": "name 'ReadTimeout' is not defined"}
{"split": "adversarial", "idx": 202, "err": "name 'ReadTimeout' is not defined"}
{"split": "adversarial", "idx": 203, "err": "name 'ReadTimeout' is not defined"}
{"split": "adversarial", "idx": 204, "err": "name 'ReadTimeout' is not defined"}
{"split": "adversarial", "idx": 205, "err": "name 'ReadTimeout' is not defined"}
{"split": "adversarial", "idx": 206, "err": "name 'ReadTimeout' is not defined"}
{"split": "adversarial", "idx": 207, "err": "name 'ReadTimeout' is not defined"}
{"split": "adversarial", "idx": 208, "err": "name 'ReadTimeout' is not defined"}
{"split": "adversarial", "idx": 209, "err": "name 'ReadTimeout' is not defined"}
{"split": "adversarial", "idx": 210, "err": "name 'ReadTimeout' is not defined"}
{"split": "adversarial", "idx": 211, "err": "name 'ReadTimeout' is not defined"}
{"split": "adversarial", "idx": 212, "err": "name 'ReadTimeout' is not defined"}
{"split": "adversarial", "idx": 213, "err": "name 'ReadTimeout' is not defined"}
{"split": "adversarial", "idx": 214, "err": "name 'ReadTimeout' is not defined"}
{"split": "adversarial", "idx": 215, "err": "name 'ReadTimeout' is not defined"}
{"split": "adversarial", "idx": 216, "err": "name 'ReadTimeout' is not defined"}
{"split": "adversarial", "idx": 217, "err": "name 'ReadTimeout' is not defined"}
{"split": "adversarial", "idx": 218, "err": "name 'ReadTimeout' is not defined"}
{"split": "adversarial", "idx": 219, "err": "name 'ReadTimeout' is not defined"}
{"split": "adversarial", "idx": 220, "err": "name 'ReadTimeout' is not defined"}
{"split": "adversarial", "idx": 221, "err": "name 'ReadTimeout' is not defined"}
{"split": "adversarial", "idx": 222, "err": "name 'ReadTimeout' is not defined"}
{"split": "adversarial", "idx": 223, "err": "name 'ReadTimeout' is not defined"}
{"split": "adversarial", "idx": 224, "err": "name 'ReadTimeout' is not defined"}
{"split": "adversarial", "idx": 225, "err": "name 'ReadTimeout' is not defined"}
{"split": "adversarial", "idx": 226, "err": "name 'ReadTimeout' is not defined"}
{"split": "adversarial", "idx": 227, "err": "name 'ReadTimeout' is not defined"}
{"split": "adversarial", "idx": 228, "err": "name 'ReadTimeout' is not defined"}
{"split": "adversarial", "idx": 229, "err": "name 'ReadTimeout' is not defined"}
{"split": "adversarial", "idx": 230, "err": "name 'ReadTimeout' is not defined"}
{"split": "adversarial", "idx": 231, "err": "name 'ReadTimeout' is not defined"}
{"split": "adversarial", "idx": 232, "err": "name 'ReadTimeout' is not defined"}
{"split": "adversarial", "idx": 233, "err": "name 'ReadTimeout' is not defined"}
{"split": "adversarial", "idx": 234, "err": "name 'ReadTimeout' is not defined"}
{"split": "adversarial", "idx": 235, "err": "name 'ReadTimeout' is not defined"}
{"split": "adversarial", "idx": 236, "err": "name 'ReadTimeout' is not defined"}
{"split": "adversarial", "idx": 237, "err": "name 'ReadTimeout' is not defined"}
{"split": "adversarial", "idx": 238, "err": "name 'ReadTimeout' is not defined"}
{"split": "adversarial", "idx": 239, "err": "name 'ReadTimeout' is not defined"}
{"split": "adversarial", "idx": 240, "err": "name 'ReadTimeout' is not defined"}
{"split": "adversarial", "idx": 241, "err": "name 'ReadTimeout' is not defined"}
{"split": "adversarial", "idx": 242, "err": "name 'ReadTimeout' is not defined"}
{"split": "adversarial", "idx": 243, "err": "name 'ReadTimeout' is not defined"}
{"split": "adversarial", "idx": 244, "err": "name 'ReadTimeout' is not defined"}
{"split": "adversarial", "idx": 245, "err": "name 'ReadTimeout' is not defined"}
{"split": "adversarial", "idx": 246, "err": "name 'ReadTimeout' is not defined"}
{"split": "adversarial", "idx": 247, "err": "name 'ReadTimeout' is not defined"}
{"split": "adversarial", "idx": 248, "err": "name 'ReadTimeout' is not defined"}
{"split": "adversarial", "idx": 249, "err": "name 'ReadTimeout' is not defined"}
{"split": "adversarial", "idx": 250, "err": "name 'ReadTimeout' is not defined"}
{"split": "adversarial", "idx": 251, "err": "name 'ReadTimeout' is not defined"}
{"split": "adversarial", "idx": 252, "err": "name 'ReadTimeout' is not defined"}
{"split": "adversarial", "idx": 253, "err": "name 'ReadTimeout' is not defined"}
{"split": "adversarial", "idx": 254, "err": "name 'ReadTimeout' is not defined"}
{"split": "adversarial", "idx": 255, "err": "name 'ReadTimeout' is not defined"}
{"split": "adversarial", "idx": 256, "err": "name 'ReadTimeout' is not defined"}
{"split": "adversarial", "idx": 257, "err": "name 'ReadTimeout' is not defined"}
{"split": "adversarial", "idx": 258, "err": "name 'ReadTimeout' is not defined"}
{"split": "adversarial", "idx": 259, "err": "name 'ReadTimeout' is not defined"}
{"split": "adversarial", "idx": 260, "err": "name 'ReadTimeout' is not defined"}
{"split": "adversarial", "idx": 261, "err": "name 'ReadTimeout' is not defined"}
{"split": "adversarial", "idx": 262, "err": "name 'ReadTimeout' is not defined"}
{"split": "adversarial", "idx": 263, "err": "name 'ReadTimeout' is not defined"}
{"split": "adversarial", "idx": 264, "err": "name 'ReadTimeout' is not defined"}
{"split": "adversarial", "idx": 265, "err": "name 'ReadTimeout' is not defined"}
{"split": "adversarial", "idx": 266, "err": "name 'ReadTimeout' is not defined"}
{"split": "adversarial", "idx": 267, "err": "name 'ReadTimeout' is not defined"}
{"split": "adversarial", "idx": 268, "err": "name 'ReadTimeout' is not defined"}
{"split": "adversarial", "idx": 269, "err": "name 'ReadTimeout' is not defined"}
{"split": "adversarial", "idx": 270, "err": "name 'ReadTimeout' is not defined"}
{"split": "adversarial", "idx": 271, "err": "name 'ReadTimeout' is not defined"}
{"split": "adversarial", "idx": 272, "err": "name 'ReadTimeout' is not defined"}
{"split": "adversarial", "idx": 273, "err": "name 'ReadTimeout' is not defined"}
{"split": "adversarial", "idx": 274, "err": "name 'ReadTimeout' is not defined"}
{"split": "adversarial", "idx": 275, "err": "name 'ReadTimeout' is not defined"}
{"split": "adversarial", "idx": 276, "err": "name 'ReadTimeout' is not defined"}
{"split": "adversarial", "idx": 277, "err": "name 'ReadTimeout' is not defined"}
{"split": "adversarial", "idx": 278, "err": "name 'ReadTimeout' is not defined"}
{"split": "adversarial", "idx": 279, "err": "name 'ReadTimeout' is not defined"}
{"split": "adversarial", "idx": 280, "err": "name 'ReadTimeout' is not defined"}
{"split": "adversarial", "idx": 281, "err": "name 'ReadTimeout' is not defined"}
{"split": "adversarial", "idx": 282, "err": "name 'ReadTimeout' is not defined"}
{"split": "adversarial", "idx": 283, "err": "name 'ReadTimeout' is not defined"}
{"split": "adversarial", "idx": 284, "err": "name 'ReadTimeout' is not defined"}
{"split": "adversarial", "idx": 285, "err": "name 'ReadTimeout' is not defined"}
{"split": "adversarial", "idx": 286, "err": "name 'ReadTimeout' is not defined"}
{"split": "adversarial", "idx": 287, "err": "name 'ReadTimeout' is not defined"}
{"split": "adversarial", "idx": 288, "err": "name 'ReadTimeout' is not defined"}
{"split": "adversarial", "idx": 289, "err": "name 'ReadTimeout' is not defined"}
{"split": "adversarial", "idx": 290, "err": "name 'ReadTimeout' is not defined"}
{"split": "adversarial", "idx": 291, "err": "name 'ReadTimeout' is not defined"}
{"split": "adversarial", "idx": 292, "err": "name 'ReadTimeout' is not defined"}
{"split": "adversarial", "idx": 293, "err": "name 'ReadTimeout' is not defined"}
{"split": "adversarial", "idx": 294, "err": "name 'ReadTimeout' is not defined"}
{"split": "adversarial", "idx": 295, "err": "name 'ReadTimeout' is not defined"}
{"split": "adversarial", "idx": 296, "err": "name 'ReadTimeout' is not defined"}
{"split": "adversarial", "idx": 297, "err": "name 'ReadTimeout' is not defined"}
{"split": "adversarial", "idx": 298, "err": "name 'ReadTimeout' is not defined"}
{"split": "adversarial", "idx": 299, "err": "name 'ReadTimeout' is not defined"}
{"split": "adversarial", "idx": 300, "err": "name 'ReadTimeout' is not defined"}
{"split": "adversarial", "idx": 301, "err": "name 'ReadTimeout' is not defined"}
{"split": "adversarial", "idx": 302, "err": "name 'ReadTimeout' is not defined"}
{"split": "adversarial", "idx": 303, "err": "name 'ReadTimeout' is not defined"}
{"split": "adversarial", "idx": 304, "err": "name 'ReadTimeout' is not defined"}
{"split": "adversarial", "idx": 305, "err": "name 'ReadTimeout' is not defined"}
{"split": "adversarial", "idx": 306, "err": "name 'ReadTimeout' is not defined"}
{"split": "adversarial", "idx": 307, "err": "name 'ReadTimeout' is not defined"}
{"split": "adversarial", "idx": 308, "err": "name 'ReadTimeout' is not defined"}
{"split": "adversarial", "idx": 309, "err": "name 'ReadTimeout' is not defined"}
{"split": "adversarial", "idx": 310, "err": "name 'ReadTimeout' is not defined"}
{"split": "adversarial", "idx": 311, "err": "name 'ReadTimeout' is not defined"}
{"split": "adversarial", "idx": 312, "err": "name 'ReadTimeout' is not defined"}
{"split": "adversarial", "idx": 313, "err": "name 'ReadTimeout' is not defined"}
{"split": "adversarial", "idx": 314, "err": "name 'ReadTimeout' is not defined"}
{"split": "adversarial", "idx": 315, "err": "name 'ReadTimeout' is not defined"}
{"split": "adversarial", "idx": 316, "err": "name 'ReadTimeout' is not defined"}
{"split": "adversarial", "idx": 317, "err": "name 'ReadTimeout' is not defined"}
{"split": "adversarial", "idx": 318, "err": "name 'ReadTimeout' is not defined"}
{"split": "adversarial", "idx": 319, "err": "name 'ReadTimeout' is not defined"}
{"split": "adversarial", "idx": 320, "err": "name 'ReadTimeout' is not defined"}
{"split": "adversarial", "idx": 321, "err": "name 'ReadTimeout' is not defined"}
{"split": "adversarial", "idx": 322, "err": "name 'ReadTimeout' is not defined"}
{"split": "adversarial", "idx": 323, "err": "name 'ReadTimeout' is not defined"}
{"split": "adversarial", "idx": 324, "err": "name 'ReadTimeout' is not defined"}
{"split": "adversarial", "idx": 325, "err": "name 'ReadTimeout' is not defined"}
{"split": "adversarial", "idx": 326, "err": "name 'ReadTimeout' is not defined"}
{"split": "adversarial", "idx": 327, "err": "name 'ReadTimeout' is not defined"}
{"split": "adversarial", "idx": 328, "err": "name 'ReadTimeout' is not defined"}
{"split": "adversarial", "idx": 329, "err": "name 'ReadTimeout' is not defined"}
{"split": "adversarial", "idx": 330, "err": "name 'ReadTimeout' is not defined"}
{"split": "adversarial", "idx": 331, "err": "name 'ReadTimeout' is not defined"}
{"split": "adversarial", "idx": 332, "err": "name 'ReadTimeout' is not defined"}
{"split": "adversarial", "idx": 333, "err": "name 'ReadTimeout' is not defined"}
{"split": "adversarial", "idx": 334, "err": "name 'ReadTimeout' is not defined"}
{"split": "adversarial", "idx": 335, "err": "name 'ReadTimeout' is not defined"}
{"split": "adversarial", "idx": 336, "err": "name 'ReadTimeout' is not defined"}
{"split": "adversarial", "idx": 337, "err": "name 'ReadTimeout' is not defined"}
{"split": "adversarial", "idx": 338, "err": "name 'ReadTimeout' is not defined"}
{"split": "adversarial", "idx": 339, "err": "name 'ReadTimeout' is not defined"}
{"split": "adversarial", "idx": 340, "err": "name 'ReadTimeout' is not defined"}
{"split": "adversarial", "idx": 341, "err": "name 'ReadTimeout' is not defined"}
{"split": "adversarial", "idx": 342, "err": "name 'ReadTimeout' is not defined"}
{"split": "adversarial", "idx": 343, "err": "name 'ReadTimeout' is not defined"}
{"split": "adversarial", "idx": 344, "err": "name 'ReadTimeout' is not defined"}
{"split": "adversarial", "idx": 345, "err": "name 'ReadTimeout' is not defined"}
{"split": "adversarial", "idx": 346, "err": "name 'ReadTimeout' is not defined"}
{"split": "adversarial", "idx": 347, "err": "name 'ReadTimeout' is not defined"}
{"split": "adversarial", "idx": 348, "err": "name 'ReadTimeout' is not defined"}
{"split": "adversarial", "idx": 349, "err": "name 'ReadTimeout' is not defined"}
{"split": "adversarial", "idx": 350, "err": "name 'ReadTimeout' is not defined"}
{"split": "adversarial", "idx": 351, "err": "name 'ReadTimeout' is not defined"}
{"split": "adversarial", "idx": 352, "err": "name 'ReadTimeout' is not defined"}
{"split": "adversarial", "idx": 353, "err": "name 'ReadTimeout' is not defined"}
{"split": "adversarial", "idx": 354, "err": "name 'ReadTimeout' is not defined"}
{"split": "adversarial", "idx": 355, "err": "name 'ReadTimeout' is not defined"}
{"split": "adversarial", "idx": 356, "err": "name 'ReadTimeout' is not defined"}
{"split": "adversarial", "idx": 357, "err": "name 'ReadTimeout' is not defined"}
{"split": "adversarial", "idx": 358, "err": "name 'ReadTimeout' is not defined"}
{"split": "adversarial", "idx": 359, "err": "name 'ReadTimeout' is not defined"}
{"split": "adversarial", "idx": 360, "err": "name 'ReadTimeout' is not defined"}
{"split": "adversarial", "idx": 361, "err": "name 'ReadTimeout' is not defined"}
{"split": "adversarial", "idx": 362, "err": "name 'ReadTimeout' is not defined"}
{"split": "adversarial", "idx": 363, "err": "name 'ReadTimeout' is not defined"}
{"split": "adversarial", "idx": 364, "err": "name 'ReadTimeout' is not defined"}
{"split": "adversarial", "idx": 365, "err": "name 'ReadTimeout' is not defined"}
{"split": "adversarial", "idx": 366, "err": "name 'ReadTimeout' is not defined"}
{"split": "adversarial", "idx": 367, "err": "name 'ReadTimeout' is not defined"}
{"split": "adversarial", "idx": 368, "err": "name 'ReadTimeout' is not defined"}
{"split": "adversarial", "idx": 369, "err": "name 'ReadTimeout' is not defined"}
{"split": "adversarial", "idx": 370, "err": "name 'ReadTimeout' is not defined"}
{"split": "adversarial", "idx": 371, "err": "name 'ReadTimeout' is not defined"}
{"split": "adversarial", "idx": 372, "err": "name 'ReadTimeout' is not defined"}
{"split": "adversarial", "idx": 373, "err": "name 'ReadTimeout' is not defined"}
{"split": "adversarial", "idx": 374, "err": "name 'ReadTimeout' is not defined"}
{"split": "adversarial", "idx": 375, "err": "name 'ReadTimeout' is not defined"}
{"split": "adversarial", "idx": 376, "err": "name 'ReadTimeout' is not defined"}
{"split": "adversarial", "idx": 377, "err": "name 'ReadTimeout' is not defined"}
{"split": "adversarial", "idx": 378, "err": "name 'ReadTimeout' is not defined"}
{"split": "adversarial", "idx": 379, "err": "name 'ReadTimeout' is not defined"}
{"split": "adversarial", "idx": 380, "err": "name 'ReadTimeout' is not defined"}
{"split": "adversarial", "idx": 381, "err": "name 'ReadTimeout' is not defined"}
{"split": "adversarial", "idx": 382, "err": "name 'ReadTimeout' is not defined"}
{"split": "adversarial", "idx": 383, "err": "name 'ReadTimeout' is not defined"}
{"split": "adversarial", "idx": 384, "err": "name 'ReadTimeout' is not defined"}
{"split": "adversarial", "idx": 385, "err": "name 'ReadTimeout' is not defined"}
{"split": "adversarial", "idx": 386, "err": "name 'ReadTimeout' is not defined"}
{"split": "adversarial", "idx": 387, "err": "name 'ReadTimeout' is not defined"}
{"split": "adversarial", "idx": 388, "err": "name 'ReadTimeout' is not defined"}
{"split": "adversarial", "idx": 389, "err": "name 'ReadTimeout' is not defined"}
{"split": "adversarial", "idx": 390, "err": "name 'ReadTimeout' is not defined"}
{"split": "adversarial", "idx": 391, "err": "name 'ReadTimeout' is not defined"}
{"split": "adversarial", "idx": 392, "err": "name 'ReadTimeout' is not defined"}
{"split": "adversarial", "idx": 393, "err": "name 'ReadTimeout' is not defined"}
{"split": "adversarial", "idx": 394, "err": "name 'ReadTimeout' is not defined"}
{"split": "adversarial", "idx": 395, "err": "name 'ReadTimeout' is not defined"}
{"split": "adversarial", "idx": 396, "err": "name 'ReadTimeout' is not defined"}
{"split": "adversarial", "idx": 397, "err": "name 'ReadTimeout' is not defined"}
{"split": "adversarial", "idx": 398, "err": "name 'ReadTimeout' is not defined"}
{"split": "adversarial", "idx": 399, "err": "name 'ReadTimeout' is not defined"}
{"split": "adversarial", "idx": 400, "err": "name 'ReadTimeout' is not defined"}
{"split": "adversarial", "idx": 401, "err": "name 'ReadTimeout' is not defined"}
{"split": "adversarial", "idx": 402, "err": "name 'ReadTimeout' is not defined"}
{"split": "adversarial", "idx": 403, "err": "name 'ReadTimeout' is not defined"}
{"split": "adversarial", "idx": 404, "err": "name 'ReadTimeout' is not defined"}
{"split": "adversarial", "idx": 405, "err": "name 'ReadTimeout' is not defined"}
{"split": "adversarial", "idx": 406, "err": "name 'ReadTimeout' is not defined"}
{"split": "adversarial", "idx": 407, "err": "name 'ReadTimeout' is not defined"}
{"split": "adversarial", "idx": 408, "err": "name 'ReadTimeout' is not defined"}
{"split": "adversarial", "idx": 409, "err": "name 'ReadTimeout' is not defined"}
{"split": "adversarial", "idx": 410, "err": "name 'ReadTimeout' is not defined"}
{"split": "adversarial", "idx": 411, "err": "name 'ReadTimeout' is not defined"}
{"split": "adversarial", "idx": 412, "err": "name 'ReadTimeout' is not defined"}
{"split": "adversarial", "idx": 413, "err": "name 'ReadTimeout' is not defined"}
{"split": "adversarial", "idx": 414, "err": "name 'ReadTimeout' is not defined"}
{"split": "adversarial", "idx": 415, "err": "name 'ReadTimeout' is not defined"}
{"split": "adversarial", "idx": 416, "err": "name 'ReadTimeout' is not defined"}
{"split": "adversarial", "idx": 417, "err": "name 'ReadTimeout' is not defined"}
{"split": "adversarial", "idx": 418, "err": "name 'ReadTimeout' is not defined"}
{"split": "adversarial", "idx": 419, "err": "name 'ReadTimeout' is not defined"}
{"split": "adversarial", "idx": 420, "err": "name 'ReadTimeout' is not defined"}
{"split": "adversarial", "idx": 421, "err": "name 'ReadTimeout' is not defined"}
{"split": "adversarial", "idx": 422, "err": "name 'ReadTimeout' is not defined"}
{"split": "adversarial", "idx": 423, "err": "name 'ReadTimeout' is not defined"}
{"split": "adversarial", "idx": 424, "err": "name 'ReadTimeout' is not defined"}
{"split": "adversarial", "idx": 425, "err": "name 'ReadTimeout' is not defined"}
{"split": "adversarial", "idx": 426, "err": "name 'ReadTimeout' is not defined"}
{"split": "adversarial", "idx": 427, "err": "name 'ReadTimeout' is not defined"}
{"split": "adversarial", "idx": 428, "err": "name 'ReadTimeout' is not defined"}
{"split": "adversarial", "idx": 429, "err": "name 'ReadTimeout' is not defined"}
{"split": "adversarial", "idx": 430, "err": "name 'ReadTimeout' is not defined"}
{"split": "adversarial", "idx": 431, "err": "name 'ReadTimeout' is not defined"}
{"split": "adversarial", "idx": 432, "err": "name 'ReadTimeout' is not defined"}
{"split": "adversarial", "idx": 433, "err": "name 'ReadTimeout' is not defined"}
{"split": "adversarial", "idx": 434, "err": "name 'ReadTimeout' is not defined"}
{"split": "adversarial", "idx": 435, "err": "name 'ReadTimeout' is not defined"}
{"split": "adversarial", "idx": 436, "err": "name 'ReadTimeout' is not defined"}
{"split": "adversarial", "idx": 437, "err": "name 'ReadTimeout' is not defined"}
{"split": "adversarial", "idx": 438, "err": "name 'ReadTimeout' is not defined"}
{"split": "adversarial", "idx": 439, "err": "name 'ReadTimeout' is not defined"}
{"split": "adversarial", "idx": 440, "err": "name 'ReadTimeout' is not defined"}
{"split": "adversarial", "idx": 441, "err": "name 'ReadTimeout' is not defined"}
{"split": "adversarial", "idx": 442, "err": "name 'ReadTimeout' is not defined"}
{"split": "adversarial", "idx": 443, "err": "name 'ReadTimeout' is not defined"}
{"split": "adversarial", "idx": 444, "err": "name 'ReadTimeout' is not defined"}
{"split": "adversarial", "idx": 445, "err": "name 'ReadTimeout' is not defined"}
{"split": "adversarial", "idx": 446, "err": "name 'ReadTimeout' is not defined"}
{"split": "adversarial", "idx": 447, "err": "name 'ReadTimeout' is not defined"}
{"split": "adversarial", "idx": 448, "err": "name 'ReadTimeout' is not defined"}
{"split": "adversarial", "idx": 449, "err": "name 'ReadTimeout' is not defined"}
{"split": "adversarial", "idx": 450, "err": "name 'ReadTimeout' is not defined"}
{"split": "adversarial", "idx": 451, "err": "name 'ReadTimeout' is not defined"}
{"split": "adversarial", "idx": 452, "err": "name 'ReadTimeout' is not defined"}
{"split": "adversarial", "idx": 453, "err": "name 'ReadTimeout' is not defined"}
{"split": "adversarial", "idx": 454, "err": "name 'ReadTimeout' is not defined"}
{"split": "adversarial", "idx": 455, "err": "name 'ReadTimeout' is not defined"}
{"split": "adversarial", "idx": 456, "err": "name 'ReadTimeout' is not defined"}
{"split": "adversarial", "idx": 457, "err": "name 'ReadTimeout' is not defined"}
{"split": "adversarial", "idx": 458, "err": "name 'ReadTimeout' is not defined"}
{"split": "adversarial", "idx": 459, "err": "name 'ReadTimeout' is not defined"}
{"split": "adversarial", "idx": 460, "err": "name 'ReadTimeout' is not defined"}
{"split": "adversarial", "idx": 461, "err": "name 'ReadTimeout' is not defined"}
{"split": "adversarial", "idx": 462, "err": "name 'ReadTimeout' is not defined"}
{"split": "adversarial", "idx": 463, "err": "name 'ReadTimeout' is not defined"}
{"split": "adversarial", "idx": 464, "err": "name 'ReadTimeout' is not defined"}
{"split": "adversarial", "idx": 465, "err": "name 'ReadTimeout' is not defined"}
{"split": "adversarial", "idx": 466, "err": "name 'ReadTimeout' is not defined"}
{"split": "adversarial", "idx": 467, "err": "name 'ReadTimeout' is not defined"}
{"split": "adversarial", "idx": 468, "err": "name 'ReadTimeout' is not defined"}
{"split": "adversarial", "idx": 469, "err": "name 'ReadTimeout' is not defined"}
{"split": "adversarial", "idx": 470, "err": "name 'ReadTimeout' is not defined"}
{"split": "adversarial", "idx": 471, "err": "name 'ReadTimeout' is not defined"}
{"split": "adversarial", "idx": 472, "err": "name 'ReadTimeout' is not defined"}
{"split": "adversarial", "idx": 473, "err": "name 'ReadTimeout' is not defined"}
{"split": "adversarial", "idx": 474, "err": "name 'ReadTimeout' is not defined"}
{"split": "adversarial", "idx": 475, "err": "name 'ReadTimeout' is not defined"}
{"split": "adversarial", "idx": 476, "err": "name 'ReadTimeout' is not defined"}
{"split": "adversarial", "idx": 477, "err": "name 'ReadTimeout' is not defined"}
{"split": "adversarial", "idx": 478, "err": "name 'ReadTimeout' is not defined"}
{"split": "adversarial", "idx": 479, "err": "name 'ReadTimeout' is not defined"}
{"split": "adversarial", "idx": 480, "err": "name 'ReadTimeout' is not defined"}
{"split": "adversarial", "idx": 481, "err": "name 'ReadTimeout' is not defined"}
{"split": "adversarial", "idx": 482, "err": "name 'ReadTimeout' is not defined"}
{"split": "adversarial", "idx": 483, "err": "name 'ReadTimeout' is not defined"}
{"split": "adversarial", "idx": 484, "err": "name 'ReadTimeout' is not defined"}
{"split": "adversarial", "idx": 485, "err": "name 'ReadTimeout' is not defined"}
{"split": "adversarial", "idx": 486, "err": "name 'ReadTimeout' is not defined"}
{"split": "adversarial", "idx": 487, "err": "name 'ReadTimeout' is not defined"}
{"split": "adversarial", "idx": 488, "err": "name 'ReadTimeout' is not defined"}
{"split": "adversarial", "idx": 489, "err": "name 'ReadTimeout' is not defined"}
{"split": "adversarial", "idx": 490, "err": "name 'ReadTimeout' is not defined"}
{"split": "adversarial", "idx": 491, "err": "name 'ReadTimeout' is not defined"}
{"split": "adversarial", "idx": 492, "err": "name 'ReadTimeout' is not defined"}
{"split": "adversarial", "idx": 493, "err": "name 'ReadTimeout' is not defined"}
{"split": "adversarial", "idx": 494, "err": "name 'ReadTimeout' is not defined"}
{"split": "adversarial", "idx": 495, "err": "name 'ReadTimeout' is not defined"}
{"split": "adversarial", "idx": 496, "err": "name 'ReadTimeout' is not defined"}
{"split": "adversarial", "idx": 497, "err": "name 'ReadTimeout' is not defined"}
{"split": "adversarial", "idx": 498, "err": "name 'ReadTimeout' is not defined"}
{"split": "adversarial", "idx": 499, "err": "name 'ReadTimeout' is not defined"}
